Workbook

Sheet Scores
A1: Predictions resolved | C1: =COUNTIF(Summary!D2:D103,"<>") -> 24
A2: Predictions to come | C2: =COUNTA(Summary!A2:A103)-C1 -> 78
A4: We are… | B4: =C1/SUM(C1:C2) -> 0.23529412 | C4: there!

Sheet Summary
A1: ID | B1: Category | C1: Prediction | D1: Date resolved | E1: Outcome (0 = false, 1 = true) | F1: Andrew | G1: Boof | H1: Christine | I1: Eileen | J1: Iain | K1: Gäel | L1: Jac | M1: James | N1: Kate | O1: Lachy | P1: Pete | Q1: Rohan | R1: Andrew | S1: Bruce | T1: Christine | U1: Eileen | V1: Iain | W1: Gäel | X1: Jac | Y1: James | Z1: Kate | AA1: Lachy | AB1: Pete | AC1: Rohan | AE1: High-low scores | AF1: Mean prediction | AG1: Variance | AH1: =CONCATENATE(F1," points") -> Andrew points | AI1: =CONCATENATE(G1," points") -> Boof points | AJ1: =CONCATENATE(H1," points") -> Christine points | AK1: =CONCATENATE(I1," points") -> Eileen points | AL1: =CONCATENATE(J1," points") -> Iain points | AM1: =CONCATENATE(K1," points") -> Gäel points | AN1: =CONCATENATE(L1," points") -> Jac points | AO1: =CONCATENATE(M1," points") -> James points | ... AS1: =CONCATENATE(Q1," points") -> Rohan points | AT1: Andrew min | AU1: Boof min | AV1: Christine min | AW1: Eileen min | AX1: Iain min | AY1: Gäel min | AZ1: Jac min | BA1: James min | BB1: Kate min | BC1: Lachy min | BD1: Pete min | BE1: Rohan min | BF1: Andrew max | BG1: Boof max | BH1: Christine max | BI1: Eileen max | BJ1: Iain max | BK1: Gäel max | BL1: Jac max | BM1: James max | BN1: Kate max | BO1: Lachy max | BP1: Pete max | BQ1: Rohan max | BR1: Boof, Andrew | BS1: Jac, James | BW1: Boof | BX1: Andrew | BY1: Boof, Andrew total | BZ1: Jac | CA1: James | CB1: Jac, James total | CC1: Optimistic statement? Yes = optimistic, No = pessimistic, blank is neutral
A2: 1 | B2: Aus Politics | C2: That there will be a hung parliament at the next election and Labor will take office | D2: 44711 | E2: 0 | F2: =Andrew!D2 -> 0.4 | G2: =Bruce!D2 -> 0.7 | H2: =Christine!D2 -> 0.1 | I2: =Eileen!D2 -> 0.2 | J2: =Iain!D2 -> 0.5 | K2: =Gael!D2 -> 0.65 | L2: =Jac!D2 -> 0.2 | M2: =James!D2 -> 0.1 | N2: =Kate!D2 -> 0.8 | O2: =Lachy!D2 -> 0.35 | P2: =Pete!D2 -> 0.1 | Q2: =Rohan!D2 -> 0.45 | R2: =IF($E2=1,(LOG(F2,2)+1),IF($E2=0,(LOG(1-F2,2)+1),"")) -> 0.26303441 | S2: =IF($E2=1,(LOG(G2,2)+1),IF($E2=0,(LOG(1-G2,2)+1),"")) -> -0.73696559 | T2: =IF($E2=1,(LOG(H2,2)+1),IF($E2=0,(LOG(1-H2,2)+1),"")) -> 0.84799691 | U2: =IF($E2=1,(LOG(I2,2)+1),IF($E2=0,(LOG(1-I2,2)+1),"")) -> 0.67807191 | V2: =IF($E2=1,(LOG(J2,2)+1),IF($E2=0,(LOG(1-J2,2)+1),"")) -> 0 | W2: =IF($E2=1,(LOG(K2,2)+1),IF($E2=0,(LOG(1-K2,2)+1),"")) -> -0.51457317 | X2: =IF($E2=1,(LOG(L2,2)+1),IF($E2=0,(LOG(1-L2,2)+1),"")) -> 0.67807191 | Y2: =IF($E2=1,(LOG(M2,2)+1),IF($E2=0,(LOG(1-M2,2)+1),"")) -> 0.84799691 | ... AC2: =IF($E2=1,(LOG(Q2,2)+1),IF($E2=0,(LOG(1-Q2,2)+1),"")) -> 0.13750352 | AD2: Analysis | AE2: =ABS((LOG(F2,2)-LOG(1-F2,2))+ABS(LOG(G2,2)-LOG(1-G2,2))+ABS(LOG(H2,2)-LOG(1-H2,2))+ABS(LOG(I2,2)-LOG(1-I2,2))+ABS(LOG(J2,2)-LOG(1-J2,2))+ABS(LOG(K2,2)-LOG(1-K2,2))+ABS(LOG(L2,2)-LOG(1-L2,2))+ABS(LOG(M2,2)-LOG(1-M2,2))+ABS(LOG(N2,2)-LOG(1-N2,2))+ABS(LOG(O2,2)-LOG(1-O2,2))+ABS(LOG(P2,2)-LOG(1-P2,2))+ABS(LOG(Q2,2)-LOG(1-Q2,2))) -> 18.222881 | AF2: =AVERAGE(F2:Q2) -> 0.37916667 | AG2: =VAR(F2,G2,H2,I2,J2,K2,L2,M2,N2,O2,P2,Q2) -> 0.061117424 | AT2: =IF(F2=MIN($F2:$Q2),"Yes","") | AU2: =IF(G2=MIN($F2:$Q2),"Yes","") | AV2: =IF(H2=MIN($F2:$Q2),"Yes","") -> Yes | AW2: =IF(I2=MIN($F2:$Q2),"Yes","") | AX2: =IF(J2=MIN($F2:$Q2),"Yes","") | AY2: =IF(K2=MIN($F2:$Q2),"Yes","") | AZ2: =IF(L2=MIN($F2:$Q2),"Yes","") | BA2: =IF(M2=MIN($F2:$Q2),"Yes","") -> Yes | ... BE2: =IF(Q2=MIN($F2:$Q2),"Yes","") | BF2: =IF(F2=MAX($F2:$Q2),"Yes","") | BG2: =IF(G2=MAX($F2:$Q2),"Yes","") | BH2: =IF(H2=MAX($F2:$Q2),"Yes","") | BI2: =IF(I2=MAX($F2:$Q2),"Yes","") | BJ2: =IF(J2=MAX($F2:$Q2),"Yes","") | BK2: =IF(K2=MAX($F2:$Q2),"Yes","") | BL2: =IF(L2=MAX($F2:$Q2),"Yes","") | BM2: =IF(M2=MAX($F2:$Q2),"Yes","") | ... BQ2: =IF(Q2=MAX($F2:$Q2),"Yes","") | BR2: =IF((F2-G2)>=0.5,"Yes",IF((G2-F2)>=0.5,"Yes","")) | BS2: =IF((L2-M2)>=0.5,"Yes",IF((M2-L2)>=0.5,"Yes","")) | BW2: =IF(BR2="Yes",-G2,0) -> 0 | BX2: =IF(BR2="Yes",F2,0) -> 0 | BY2: =IF((BX2-BW2)>0.01,(BX2-BW2),"") | BZ2: =IF(BS2="Yes",-L2,0) -> 0 | CA2: =IF(BS2="Yes",M2,0) -> 0 | CB2: =IF((CA2-BZ2)>0.01,(CA2-BZ2),"")
A3: 2 | B3: Aus Politics | C3: Dan Andrews will become leader of the Australian Labor Party | E3: 0 | F3: =Andrew!D3 -> 0.2 | G3: =Bruce!D3 -> 0.1 | H3: =Christine!D3 -> 0.05 | I3: =Eileen!D3 -> 0.2 | J3: =Iain!D3 -> 0.1 | K3: =Gael!D3 -> 0 | L3: =Jac!D3 -> 0.001 | M3: =James!D3 -> 0.05 | N3: =Kate!D3 -> 0.1 | O3: =Lachy!D3 -> 0.001 | P3: =Pete!D3 -> 0.1 | Q3: =Rohan!D3 -> 0.01 | R3: =IF($E3=1,(LOG(F3,2)+1),IF($E3=0,(LOG(1-F3,2)+1),"")) -> 0.67807191 | S3: =IF($E3=1,(LOG(G3,2)+1),IF($E3=0,(LOG(1-G3,2)+1),"")) -> 0.84799691 | T3: =IF($E3=1,(LOG(H3,2)+1),IF($E3=0,(LOG(1-H3,2)+1),"")) -> 0.92599942 | U3: =IF($E3=1,(LOG(I3,2)+1),IF($E3=0,(LOG(1-I3,2)+1),"")) -> 0.67807191 | V3: =IF($E3=1,(LOG(J3,2)+1),IF($E3=0,(LOG(1-J3,2)+1),"")) -> 0.84799691 | W3: =IF($E3=1,(LOG(K3,2)+1),IF($E3=0,(LOG(1-K3,2)+1),"")) -> 1 | X3: =IF($E3=1,(LOG(L3,2)+1),IF($E3=0,(LOG(1-L3,2)+1),"")) -> 0.99855658 | Y3: =IF($E3=1,(LOG(M3,2)+1),IF($E3=0,(LOG(1-M3,2)+1),"")) -> 0.92599942 | ... AC3: =IF($E3=1,(LOG(Q3,2)+1),IF($E3=0,(LOG(1-Q3,2)+1),"")) -> 0.98550043 | AE3: =ABS((LOG(F3,2)-LOG(1-F3,2))+ABS(LOG(G3,2)-LOG(1-G3,2))+ABS(LOG(H3,2)-LOG(1-H3,2))+ABS(LOG(I3,2)-LOG(1-I3,2))+ABS(LOG(J3,2)-LOG(1-J3,2))+ABS(LOG(K3,2)-LOG(1-K3,2))+ABS(LOG(L3,2)-LOG(1-L3,2))+ABS(LOG(M3,2)-LOG(1-M3,2))+ABS(LOG(N3,2)-LOG(1-N3,2))+ABS(LOG(O3,2)-LOG(1-O3,2))+ABS(LOG(P3,2)-LOG(1-P3,2))+ABS(LOG(Q3,2)-LOG(1-Q3,2))) -> #NUM! | AF3: =AVERAGE(F3:Q3) -> 0.076 | AG3: =VAR(F3,G3,H3,I3,J3,K3,L3,M3,N3,O3,P3,Q3) -> 0.0050718182 | AT3: =IF(F3=MIN($F3:$Q3),"Yes","") | AU3: =IF(G3=MIN($F3:$Q3),"Yes","") | AV3: =IF(H3=MIN($F3:$Q3),"Yes","") | AW3: =IF(I3=MIN($F3:$Q3),"Yes","") | AX3: =IF(J3=MIN($F3:$Q3),"Yes","") | AY3: =IF(K3=MIN($F3:$Q3),"Yes","") -> Yes | AZ3: =IF(L3=MIN($F3:$Q3),"Yes","") | BA3: =IF(M3=MIN($F3:$Q3),"Yes","") | ... BE3: =IF(Q3=MIN($F3:$Q3),"Yes","") | BF3: =IF(F3=MAX($F3:$Q3),"Yes","") -> Yes | BG3: =IF(G3=MAX($F3:$Q3),"Yes","") | BH3: =IF(H3=MAX($F3:$Q3),"Yes","") | BI3: =IF(I3=MAX($F3:$Q3),"Yes","") -> Yes | BJ3: =IF(J3=MAX($F3:$Q3),"Yes","") | BK3: =IF(K3=MAX($F3:$Q3),"Yes","") | BL3: =IF(L3=MAX($F3:$Q3),"Yes","") | BM3: =IF(M3=MAX($F3:$Q3),"Yes","") | ... BQ3: =IF(Q3=MAX($F3:$Q3),"Yes","") | BR3: =IF((F3-G3)>=0.5,"Yes",IF((G3-F3)>=0.5,"Yes","")) | BS3: =IF((L3-M3)>=0.5,"Yes",IF((M3-L3)>=0.5,"Yes","")) | BW3: =IF(BR3="Yes",-G3,0) -> 0 | BX3: =IF(BR3="Yes",F3,0) -> 0 | BY3: =IF((BX3-BW3)>0.01,(BX3-BW3),"") | BZ3: =IF(BS3="Yes",-L3,0) -> 0 | CA3: =IF(BS3="Yes",M3,0) -> 0 | CB3: =IF((CA3-BZ3)>0.01,(CA3-BZ3),"") | CC3: Yes
A4: 3 | B4: Aus Politics | C4: The Greens will get more than 9 senators in the next federal election | D4: 44702 | E4: 1 | F4: =Andrew!D4 -> 0.6 | G4: =Bruce!D4 -> 0.3 | H4: =Christine!D4 -> 0.1 | I4: =Eileen!D4 -> 0.6 | J4: =Iain!D4 -> 0.7 | K4: =Gael!D4 -> 0.6 | L4: =Jac!D4 -> 0.7 | M4: =James!D4 -> 0.1 | N4: =Kate!D4 -> 0.1 | O4: =Lachy!D4 -> 0.5 | P4: =Pete!D4 -> 0.5 | Q4: =Rohan!D4 -> 0.55 | R4: =IF($E4=1,(LOG(F4,2)+1),IF($E4=0,(LOG(1-F4,2)+1),"")) -> 0.26303441 | S4: =IF($E4=1,(LOG(G4,2)+1),IF($E4=0,(LOG(1-G4,2)+1),"")) -> -0.73696559 | T4: =IF($E4=1,(LOG(H4,2)+1),IF($E4=0,(LOG(1-H4,2)+1),"")) -> -2.3219281 | U4: =IF($E4=1,(LOG(I4,2)+1),IF($E4=0,(LOG(1-I4,2)+1),"")) -> 0.26303441 | V4: =IF($E4=1,(LOG(J4,2)+1),IF($E4=0,(LOG(1-J4,2)+1),"")) -> 0.48542683 | W4: =IF($E4=1,(LOG(K4,2)+1),IF($E4=0,(LOG(1-K4,2)+1),"")) -> 0.26303441 | X4: =IF($E4=1,(LOG(L4,2)+1),IF($E4=0,(LOG(1-L4,2)+1),"")) -> 0.48542683 | Y4: =IF($E4=1,(LOG(M4,2)+1),IF($E4=0,(LOG(1-M4,2)+1),"")) -> -2.3219281 | ... AC4: =IF($E4=1,(LOG(Q4,2)+1),IF($E4=0,(LOG(1-Q4,2)+1),"")) -> 0.13750352 | AE4: =ABS((LOG(F4,2)-LOG(1-F4,2))+ABS(LOG(G4,2)-LOG(1-G4,2))+ABS(LOG(H4,2)-LOG(1-H4,2))+ABS(LOG(I4,2)-LOG(1-I4,2))+ABS(LOG(J4,2)-LOG(1-J4,2))+ABS(LOG(K4,2)-LOG(1-K4,2))+ABS(LOG(L4,2)-LOG(1-L4,2))+ABS(LOG(M4,2)-LOG(1-M4,2))+ABS(LOG(N4,2)-LOG(1-N4,2))+ABS(LOG(O4,2)-LOG(1-O4,2))+ABS(LOG(P4,2)-LOG(1-P4,2))+ABS(LOG(Q4,2)-LOG(1-Q4,2))) -> 15.221346 | AF4: =AVERAGE(F4:Q4) -> 0.44583333 | AG4: =VAR(F4,G4,H4,I4,J4,K4,L4,M4,N4,O4,P4,Q4) -> 0.054299242 | AT4: =IF(F4=MIN($F4:$Q4),"Yes","") | AU4: =IF(G4=MIN($F4:$Q4),"Yes","") | AV4: =IF(H4=MIN($F4:$Q4),"Yes","") -> Yes | AW4: =IF(I4=MIN($F4:$Q4),"Yes","") | AX4: =IF(J4=MIN($F4:$Q4),"Yes","") | AY4: =IF(K4=MIN($F4:$Q4),"Yes","") | AZ4: =IF(L4=MIN($F4:$Q4),"Yes","") | BA4: =IF(M4=MIN($F4:$Q4),"Yes","") -> Yes | ... BE4: =IF(Q4=MIN($F4:$Q4),"Yes","") | BF4: =IF(F4=MAX($F4:$Q4),"Yes","") | BG4: =IF(G4=MAX($F4:$Q4),"Yes","") | BH4: =IF(H4=MAX($F4:$Q4),"Yes","") | BI4: =IF(I4=MAX($F4:$Q4),"Yes","") | BJ4: =IF(J4=MAX($F4:$Q4),"Yes","") -> Yes | BK4: =IF(K4=MAX($F4:$Q4),"Yes","") | BL4: =IF(L4=MAX($F4:$Q4),"Yes","") -> Yes | BM4: =IF(M4=MAX($F4:$Q4),"Yes","") | ... BQ4: =IF(Q4=MAX($F4:$Q4),"Yes","") | BR4: =IF((F4-G4)>=0.5,"Yes",IF((G4-F4)>=0.5,"Yes","")) | BS4: =IF((L4-M4)>=0.5,"Yes",IF((M4-L4)>=0.5,"Yes","")) -> Yes | BW4: =IF(BR4="Yes",-G4,0) -> 0 | BX4: =IF(BR4="Yes",F4,0) -> 0 | BY4: =IF((BX4-BW4)>0.01,(BX4-BW4),"") | BZ4: =IF(BS4="Yes",-L4,0) -> -0.7 | CA4: =IF(BS4="Yes",M4,0) -> 0.1 | CB4: =IF((CA4-BZ4)>0.01,(CA4-BZ4),"") -> 0.8 | CC4: Yes
A5: 4 | B5: Aus Politics | C5: The House of Reps will include 5 independents by the end of the federal election | D5: 44702 | E5: 1 | F5: =Andrew!D5 -> 0.7 | G5: =Bruce!D5 -> 0.3 | H5: =Christine!D5 -> 0.1 | I5: =Eileen!D5 -> 0.7 | J5: =Iain!D5 -> 0.9 | K5: =Gael!D5 -> 0.75 | L5: =Jac!D5 -> 0.001 | M5: =James!D5 -> 0.1 | N5: =Kate!D5 -> 0.9 | O5: =Lachy!D5 -> 0.5 | P5: =Pete!D5 -> 0.8 | Q5: =Rohan!D5 -> 0.7 | R5: =IF($E5=1,(LOG(F5,2)+1),IF($E5=0,(LOG(1-F5,2)+1),"")) -> 0.48542683 | S5: =LOG(1-G5,2)+1 -> 0.48542683 | T5: =IF($E5=1,(LOG(H5,2)+1),IF($E5=0,(LOG(1-H5,2)+1),"")) -> -2.3219281 | U5: =IF($E5=1,(LOG(I5,2)+1),IF($E5=0,(LOG(1-I5,2)+1),"")) -> 0.48542683 | V5: =IF($E5=1,(LOG(J5,2)+1),IF($E5=0,(LOG(1-J5,2)+1),"")) -> 0.84799691 | W5: =IF($E5=1,(LOG(K5,2)+1),IF($E5=0,(LOG(1-K5,2)+1),"")) -> 0.5849625 | X5: =LOG(1-L5,2)+1 -> 0.99855658 | Y5: =IF($E5=1,(LOG(M5,2)+1),IF($E5=0,(LOG(1-M5,2)+1),"")) -> -2.3219281 | Z5: =IF($E5=1,(LOG(N5,2)+1),IF($E5=0,(LOG(1-N5,2)+1),"")) -> 0.84799691 | AA5: =IF($E5=1,(LOG(O5,2)+1),IF($E5=0,(LOG(1-O5,2)+1),"")) -> 0 | AB5: =IF($E5=1,(LOG(P5,2)+1),IF($E5=0,(LOG(1-P5,2)+1),"")) -> 0.67807191 | AC5: =IF($E5=1,(LOG(Q5,2)+1),IF($E5=0,(LOG(1-Q5,2)+1),"")) -> 0.48542683 | AE5: =ABS((LOG(F5,2)-LOG(1-F5,2))+ABS(LOG(G5,2)-LOG(1-G5,2))+ABS(LOG(H5,2)-LOG(1-H5,2))+ABS(LOG(I5,2)-LOG(1-I5,2))+ABS(LOG(J5,2)-LOG(1-J5,2))+ABS(LOG(K5,2)-LOG(1-K5,2))+ABS(LOG(L5,2)-LOG(1-L5,2))+ABS(LOG(M5,2)-LOG(1-M5,2))+ABS(LOG(N5,2)-LOG(1-N5,2))+ABS(LOG(O5,2)-LOG(1-O5,2))+ABS(LOG(P5,2)-LOG(1-P5,2))+ABS(LOG(Q5,2)-LOG(1-Q5,2))) -> 31.118573 | AF5: =AVERAGE(F5:Q5) -> 0.53758333 | AG5: =VAR(F5,G5,H5,I5,J5,K5,L5,M5,N5,O5,P5,Q5) -> 0.10768645 | AH5: =IF(F5=MIN($F5:$Q5),LOG(1-F5,2)+1,IF(F5=MAX($F5:$Q5),LOG(F5,2)+1,"")) | AI5: =IF(G5=MIN($F5:$Q5),LOG(1-G5,2)+1,IF(G5=MAX($F5:$Q5),LOG(G5,2)+1,"")) | AJ5: =IF(H5=MIN($F5:$Q5),LOG(1-H5,2)+1,IF(H5=MAX($F5:$Q5),LOG(H5,2)+1,"")) | AK5: =IF(I5=MIN($F5:$Q5),LOG(1-I5,2)+1,IF(I5=MAX($F5:$Q5),LOG(I5,2)+1,"")) | AL5: =IF(J5=MIN($F5:$Q5),LOG(1-J5,2)+1,IF(J5=MAX($F5:$Q5),LOG(J5,2)+1,"")) -> 0.84799691 | AM5: =IF(K5=MIN($F5:$Q5),LOG(1-K5,2)+1,IF(K5=MAX($F5:$Q5),LOG(K5,2)+1,"")) | AN5: =IF(L5=MIN($F5:$Q5),LOG(1-L5,2)+1,IF(L5=MAX($F5:$Q5),LOG(L5,2)+1,"")) -> 0.99855658 | AO5: =IF(M5=MIN($F5:$Q5),LOG(1-M5,2)+1,IF(M5=MAX($F5:$Q5),LOG(M5,2)+1,"")) | ... AS5: =IF(Q5=MIN($F5:$Q5),LOG(1-Q5,2)+1,IF(Q5=MAX($F5:$Q5),LOG(Q5,2)+1,"")) | AT5: =IF(F5=MIN($F5:$Q5),"Yes","") | AU5: =IF(G5=MIN($F5:$Q5),"Yes","") | AV5: =IF(H5=MIN($F5:$Q5),"Yes","") | AW5: =IF(I5=MIN($F5:$Q5),"Yes","") | AX5: =IF(J5=MIN($F5:$Q5),"Yes","") | AY5: =IF(K5=MIN($F5:$Q5),"Yes","") | AZ5: =IF(L5=MIN($F5:$Q5),"Yes","") -> Yes | BA5: =IF(M5=MIN($F5:$Q5),"Yes","") | ... BE5: =IF(Q5=MIN($F5:$Q5),"Yes","") | BF5: =IF(F5=MAX($F5:$Q5),"Yes","") | BG5: =IF(G5=MAX($F5:$Q5),"Yes","") | BH5: =IF(H5=MAX($F5:$Q5),"Yes","") | BI5: =IF(I5=MAX($F5:$Q5),"Yes","") | BJ5: =IF(J5=MAX($F5:$Q5),"Yes","") -> Yes | BK5: =IF(K5=MAX($F5:$Q5),"Yes","") | BL5: =IF(L5=MAX($F5:$Q5),"Yes","") | BM5: =IF(M5=MAX($F5:$Q5),"Yes","") | ... BQ5: =IF(Q5=MAX($F5:$Q5),"Yes","") | BR5: =IF((F5-G5)>=0.5,"Yes",IF((G5-F5)>=0.5,"Yes","")) | BS5: =IF((L5-M5)>=0.5,"Yes",IF((M5-L5)>=0.5,"Yes","")) | BW5: =IF(BR5="Yes",-G5,0) -> 0 | BX5: =IF(BR5="Yes",F5,0) -> 0 | BY5: =IF((BX5-BW5)>0.01,(BX5-BW5),"") | BZ5: =IF(BS5="Yes",-L5,0) -> 0 | CA5: =IF(BS5="Yes",M5,0) -> 0 | CB5: =IF((CA5-BZ5)>0.01,(CA5-BZ5),"") | CC5: Yes
A6: 5 | B6: Aus Politics | C6: The Australian Labor Party will not pledge to reverse the uni fee structure introduced in 2020 | E6: 1 | F6: =Andrew!D6 -> 0.6 | G6: =Bruce!D6 -> 0.8 | H6: =Christine!D6 -> 0.9 | I6: =Eileen!D6 -> 0.7 | J6: =Iain!D6 -> 0.5 | K6: =Gael!D6 -> 0.85 | L6: =Jac!D6 -> 0.9 | M6: =James!D6 -> 0.9 | N6: =Kate!D6 -> 0.9 | O6: =Lachy!D6 -> 0.85 | P6: =Pete!D6 -> 0.8 | Q6: =Rohan!D6 -> 0.75 | R6: =IF($E6=1,(LOG(F6,2)+1),IF($E6=0,(LOG(1-F6,2)+1),"")) -> 0.26303441 | S6: =IF($E6=1,(LOG(G6,2)+1),IF($E6=0,(LOG(1-G6,2)+1),"")) -> 0.67807191 | T6: =IF($E6=1,(LOG(H6,2)+1),IF($E6=0,(LOG(1-H6,2)+1),"")) -> 0.84799691 | U6: =IF($E6=1,(LOG(I6,2)+1),IF($E6=0,(LOG(1-I6,2)+1),"")) -> 0.48542683 | V6: =IF($E6=1,(LOG(J6,2)+1),IF($E6=0,(LOG(1-J6,2)+1),"")) -> 0 | W6: =IF($E6=1,(LOG(K6,2)+1),IF($E6=0,(LOG(1-K6,2)+1),"")) -> 0.76553475 | X6: =IF($E6=1,(LOG(L6,2)+1),IF($E6=0,(LOG(1-L6,2)+1),"")) -> 0.84799691 | Y6: =IF($E6=1,(LOG(M6,2)+1),IF($E6=0,(LOG(1-M6,2)+1),"")) -> 0.84799691 | ... AC6: =IF($E6=1,(LOG(Q6,2)+1),IF($E6=0,(LOG(1-Q6,2)+1),"")) -> 0.5849625 | AE6: =ABS((LOG(F6,2)-LOG(1-F6,2))+ABS(LOG(G6,2)-LOG(1-G6,2))+ABS(LOG(H6,2)-LOG(1-H6,2))+ABS(LOG(I6,2)-LOG(1-I6,2))+ABS(LOG(J6,2)-LOG(1-J6,2))+ABS(LOG(K6,2)-LOG(1-K6,2))+ABS(LOG(L6,2)-LOG(1-L6,2))+ABS(LOG(M6,2)-LOG(1-M6,2))+ABS(LOG(N6,2)-LOG(1-N6,2))+ABS(LOG(O6,2)-LOG(1-O6,2))+ABS(LOG(P6,2)-LOG(1-P6,2))+ABS(LOG(Q6,2)-LOG(1-Q6,2))) -> 25.077018 | AF6: =AVERAGE(F6:Q6) -> 0.7875 | AG6: =VAR(F6,G6,H6,I6,J6,K6,L6,M6,N6,O6,P6,Q6) -> 0.016875 | AT6: =IF(F6=MIN($F6:$Q6),"Yes","") | AU6: =IF(G6=MIN($F6:$Q6),"Yes","") | AV6: =IF(H6=MIN($F6:$Q6),"Yes","") | AW6: =IF(I6=MIN($F6:$Q6),"Yes","") | AX6: =IF(J6=MIN($F6:$Q6),"Yes","") -> Yes | AY6: =IF(K6=MIN($F6:$Q6),"Yes","") | AZ6: =IF(L6=MIN($F6:$Q6),"Yes","") | BA6: =IF(M6=MIN($F6:$Q6),"Yes","") | ... BE6: =IF(Q6=MIN($F6:$Q6),"Yes","") | BF6: =IF(F6=MAX($F6:$Q6),"Yes","") | BG6: =IF(G6=MAX($F6:$Q6),"Yes","") | BH6: =IF(H6=MAX($F6:$Q6),"Yes","") -> Yes | BI6: =IF(I6=MAX($F6:$Q6),"Yes","") | BJ6: =IF(J6=MAX($F6:$Q6),"Yes","") | BK6: =IF(K6=MAX($F6:$Q6),"Yes","") | BL6: =IF(L6=MAX($F6:$Q6),"Yes","") -> Yes | BM6: =IF(M6=MAX($F6:$Q6),"Yes","") -> Yes | ... BQ6: =IF(Q6=MAX($F6:$Q6),"Yes","") | BR6: =IF((F6-G6)>=0.5,"Yes",IF((G6-F6)>=0.5,"Yes","")) | BS6: =IF((L6-M6)>=0.5,"Yes",IF((M6-L6)>=0.5,"Yes","")) | BW6: =IF(BR6="Yes",-G6,0) -> 0 | BX6: =IF(BR6="Yes",F6,0) -> 0 | BY6: =IF((BX6-BW6)>0.01,(BX6-BW6),"") | BZ6: =IF(BS6="Yes",-L6,0) -> 0 | CA6: =IF(BS6="Yes",M6,0) -> 0 | CB6: =IF((CA6-BZ6)>0.01,(CA6-BZ6),"") | CC6: No
A7: 6 | B7: Aus Politics | C7: Zali Steggal and Helen Haines will both retain their seats in Federal Parliament | D7: 44702 | E7: 1 | F7: =Andrew!D7 -> 0.5 | G7: =Bruce!D7 -> 0.9 | H7: =Christine!D7 -> 0.5 | I7: =Eileen!D7 -> 0.7 | J7: =Iain!D7 -> 0.9 | K7: =Gael!D7 -> 0.95 | L7: =Jac!D7 -> 0.4 | M7: =James!D7 -> 0.5 | N7: =Kate!D7 -> 0.9 | O7: =Lachy!D7 -> 0.85 | P7: =Pete!D7 -> 0.9 | Q7: =Rohan!D7 -> 0.5 | R7: =IF($E7=1,(LOG(F7,2)+1),IF($E7=0,(LOG(1-F7,2)+1),"")) -> 0 | S7: =IF($E7=1,(LOG(G7,2)+1),IF($E7=0,(LOG(1-G7,2)+1),"")) -> 0.84799691 | T7: =IF($E7=1,(LOG(H7,2)+1),IF($E7=0,(LOG(1-H7,2)+1),"")) -> 0 | U7: =IF($E7=1,(LOG(I7,2)+1),IF($E7=0,(LOG(1-I7,2)+1),"")) -> 0.48542683 | V7: =IF($E7=1,(LOG(J7,2)+1),IF($E7=0,(LOG(1-J7,2)+1),"")) -> 0.84799691 | W7: =IF($E7=1,(LOG(K7,2)+1),IF($E7=0,(LOG(1-K7,2)+1),"")) -> 0.92599942 | X7: =IF($E7=1,(LOG(L7,2)+1),IF($E7=0,(LOG(1-L7,2)+1),"")) -> -0.32192809 | Y7: =IF($E7=1,(LOG(M7,2)+1),IF($E7=0,(LOG(1-M7,2)+1),"")) -> 0 | ... AC7: =IF($E7=1,(LOG(Q7,2)+1),IF($E7=0,(LOG(1-Q7,2)+1),"")) -> 0 | AE7: =ABS((LOG(F7,2)-LOG(1-F7,2))+ABS(LOG(G7,2)-LOG(1-G7,2))+ABS(LOG(H7,2)-LOG(1-H7,2))+ABS(LOG(I7,2)-LOG(1-I7,2))+ABS(LOG(J7,2)-LOG(1-J7,2))+ABS(LOG(K7,2)-LOG(1-K7,2))+ABS(LOG(L7,2)-LOG(1-L7,2))+ABS(LOG(M7,2)-LOG(1-M7,2))+ABS(LOG(N7,2)-LOG(1-N7,2))+ABS(LOG(O7,2)-LOG(1-O7,2))+ABS(LOG(P7,2)-LOG(1-P7,2))+ABS(LOG(Q7,2)-LOG(1-Q7,2))) -> 21.237483 | AF7: =AVERAGE(F7:Q7) -> 0.70833333 | AG7: =VAR(F7,G7,H7,I7,J7,K7,L7,M7,N7,O7,P7,Q7) -> 0.044924242 | AT7: =IF(F7=MIN($F7:$Q7),"Yes","") | AU7: =IF(G7=MIN($F7:$Q7),"Yes","") | AV7: =IF(H7=MIN($F7:$Q7),"Yes","") | AW7: =IF(I7=MIN($F7:$Q7),"Yes","") | AX7: =IF(J7=MIN($F7:$Q7),"Yes","") | AY7: =IF(K7=MIN($F7:$Q7),"Yes","") | AZ7: =IF(L7=MIN($F7:$Q7),"Yes","") -> Yes | BA7: =IF(M7=MIN($F7:$Q7),"Yes","") | ... BE7: =IF(Q7=MIN($F7:$Q7),"Yes","") | BF7: =IF(F7=MAX($F7:$Q7),"Yes","") | BG7: =IF(G7=MAX($F7:$Q7),"Yes","") | BH7: =IF(H7=MAX($F7:$Q7),"Yes","") | BI7: =IF(I7=MAX($F7:$Q7),"Yes","") | BJ7: =IF(J7=MAX($F7:$Q7),"Yes","") | BK7: =IF(K7=MAX($F7:$Q7),"Yes","") -> Yes | BL7: =IF(L7=MAX($F7:$Q7),"Yes","") | BM7: =IF(M7=MAX($F7:$Q7),"Yes","") | ... BQ7: =IF(Q7=MAX($F7:$Q7),"Yes","") | BR7: =IF((F7-G7)>=0.5,"Yes",IF((G7-F7)>=0.5,"Yes","")) | BS7: =IF((L7-M7)>=0.5,"Yes",IF((M7-L7)>=0.5,"Yes","")) | BW7: =IF(BR7="Yes",-G7,0) -> 0 | BX7: =IF(BR7="Yes",F7,0) -> 0 | BY7: =IF((BX7-BW7)>0.01,(BX7-BW7),"") | BZ7: =IF(BS7="Yes",-L7,0) -> 0 | CA7: =IF(BS7="Yes",M7,0) -> 0 | CB7: =IF((CA7-BZ7)>0.01,(CA7-BZ7),"")
A8: 7 | B8: Aus Politics | C8: Scott Morrison will lose leadership of the Liberal Party at least once | D8: 44702 | E8: 1 | F8: =Andrew!D8 -> 0.8 | G8: =Bruce!D8 -> 0.7 | H8: =Christine!D8 -> 0.15 | I8: =Eileen!D8 -> 0.3 | J8: =Iain!D8 -> 0.6 | K8: =Gael!D8 -> 0.75 | L8: =Jac!D8 -> 0.5 | M8: =James!D8 -> 0.05 | N8: =Kate!D8 -> 0.9 | O8: =Lachy!D8 -> 0.35 | P8: =Pete!D8 -> 0.7 | Q8: =Rohan!D8 -> 0.9 | R8: =IF($E8=1,(LOG(F8,2)+1),IF($E8=0,(LOG(1-F8,2)+1),"")) -> 0.67807191 | S8: =IF($E8=1,(LOG(G8,2)+1),IF($E8=0,(LOG(1-G8,2)+1),"")) -> 0.48542683 | T8: =IF($E8=1,(LOG(H8,2)+1),IF($E8=0,(LOG(1-H8,2)+1),"")) -> -1.7369656 | U8: =IF($E8=1,(LOG(I8,2)+1),IF($E8=0,(LOG(1-I8,2)+1),"")) -> -0.73696559 | V8: =IF($E8=1,(LOG(J8,2)+1),IF($E8=0,(LOG(1-J8,2)+1),"")) -> 0.26303441 | W8: =IF($E8=1,(LOG(K8,2)+1),IF($E8=0,(LOG(1-K8,2)+1),"")) -> 0.5849625 | X8: =IF($E8=1,(LOG(L8,2)+1),IF($E8=0,(LOG(1-L8,2)+1),"")) -> 0 | Y8: =IF($E8=1,(LOG(M8,2)+1),IF($E8=0,(LOG(1-M8,2)+1),"")) -> -3.3219281 | ... AC8: =IF($E8=1,(LOG(Q8,2)+1),IF($E8=0,(LOG(1-Q8,2)+1),"")) -> 0.84799691 | AE8: =ABS((LOG(F8,2)-LOG(1-F8,2))+ABS(LOG(G8,2)-LOG(1-G8,2))+ABS(LOG(H8,2)-LOG(1-H8,2))+ABS(LOG(I8,2)-LOG(1-I8,2))+ABS(LOG(J8,2)-LOG(1-J8,2))+ABS(LOG(K8,2)-LOG(1-K8,2))+ABS(LOG(L8,2)-LOG(1-L8,2))+ABS(LOG(M8,2)-LOG(1-M8,2))+ABS(LOG(N8,2)-LOG(1-N8,2))+ABS(LOG(O8,2)-LOG(1-O8,2))+ABS(LOG(P8,2)-LOG(1-P8,2))+ABS(LOG(Q8,2)-LOG(1-Q8,2))) -> 21.820465 | AF8: =AVERAGE(F8:Q8) -> 0.55833333 | AG8: =VAR(F8,G8,H8,I8,J8,K8,L8,M8,N8,O8,P8,Q8) -> 0.082651515 | AH8: =IF(F8=MIN($F8:$Q8),LOG(1-F8,2)+1,IF(F8=MAX($F8:$Q8),LOG(F8,2)+1,"")) | AI8: =IF(G8=MIN($F8:$Q8),LOG(1-G8,2)+1,IF(G8=MAX($F8:$Q8),LOG(G8,2)+1,"")) | AJ8: =IF(H8=MIN($F8:$Q8),LOG(1-H8,2)+1,IF(H8=MAX($F8:$Q8),LOG(H8,2)+1,"")) | AK8: =IF(I8=MIN($F8:$Q8),LOG(1-I8,2)+1,IF(I8=MAX($F8:$Q8),LOG(I8,2)+1,"")) | AL8: =IF(J8=MIN($F8:$Q8),LOG(1-J8,2)+1,IF(J8=MAX($F8:$Q8),LOG(J8,2)+1,"")) | AM8: =IF(K8=MIN($F8:$Q8),LOG(1-K8,2)+1,IF(K8=MAX($F8:$Q8),LOG(K8,2)+1,"")) | AN8: =IF(L8=MIN($F8:$Q8),LOG(1-L8,2)+1,IF(L8=MAX($F8:$Q8),LOG(L8,2)+1,"")) | AO8: =IF(M8=MIN($F8:$Q8),LOG(1-M8,2)+1,IF(M8=MAX($F8:$Q8),LOG(M8,2)+1,"")) -> 0.92599942 | ... AS8: =IF(Q8=MIN($F8:$Q8),LOG(1-Q8,2)+1,IF(Q8=MAX($F8:$Q8),LOG(Q8,2)+1,"")) -> 0.84799691 | AT8: =IF(F8=MIN($F8:$Q8),"Yes","") | AU8: =IF(G8=MIN($F8:$Q8),"Yes","") | AV8: =IF(H8=MIN($F8:$Q8),"Yes","") | AW8: =IF(I8=MIN($F8:$Q8),"Yes","") | AX8: =IF(J8=MIN($F8:$Q8),"Yes","") | AY8: =IF(K8=MIN($F8:$Q8),"Yes","") | AZ8: =IF(L8=MIN($F8:$Q8),"Yes","") | BA8: =IF(M8=MIN($F8:$Q8),"Yes","") -> Yes | ... BE8: =IF(Q8=MIN($F8:$Q8),"Yes","") | BF8: =IF(F8=MAX($F8:$Q8),"Yes","") | BG8: =IF(G8=MAX($F8:$Q8),"Yes","") | BH8: =IF(H8=MAX($F8:$Q8),"Yes","") | BI8: =IF(I8=MAX($F8:$Q8),"Yes","") | BJ8: =IF(J8=MAX($F8:$Q8),"Yes","") | BK8: =IF(K8=MAX($F8:$Q8),"Yes","") | BL8: =IF(L8=MAX($F8:$Q8),"Yes","") | BM8: =IF(M8=MAX($F8:$Q8),"Yes","") | ... BQ8: =IF(Q8=MAX($F8:$Q8),"Yes","") -> Yes | BR8: =IF((F8-G8)>=0.5,"Yes",IF((G8-F8)>=0.5,"Yes","")) | BS8: =IF((L8-M8)>=0.5,"Yes",IF((M8-L8)>=0.5,"Yes","")) | BW8: =IF(BR8="Yes",-G8,0) -> 0 | BX8: =IF(BR8="Yes",F8,0) -> 0 | BY8: =IF((BX8-BW8)>0.01,(BX8-BW8),"") | BZ8: =IF(BS8="Yes",-L8,0) -> 0 | CA8: =IF(BS8="Yes",M8,0) -> 0 | CB8: =IF((CA8-BZ8)>0.01,(CA8-BZ8),"") | CC8: Yes
A9: 8 | B9: Aus Politics | C9: Anthony Albanese will be Prime Minister on at least one day | D9: 44702 | E9: 1 | F9: =Andrew!D9 -> 0.6 | G9: =Bruce!D9 -> 0.9 | H9: =Christine!D9 -> 0.05 | I9: =Eileen!D9 -> 0.3 | J9: =Iain!D9 -> 0.1 | K9: =Gael!D9 -> 0.75 | L9: =Jac!D9 -> 0.3 | M9: =James!D9 -> 0.05 | N9: =Kate!D9 -> 0.9 | O9: =Lachy!D9 -> 0.35 | P9: =Pete!D9 -> 0.8 | Q9: =Rohan!D9 -> 0.4 | R9: =IF($E9=1,(LOG(F9,2)+1),IF($E9=0,(LOG(1-F9,2)+1),"")) -> 0.26303441 | S9: =IF($E9=1,(LOG(G9,2)+1),IF($E9=0,(LOG(1-G9,2)+1),"")) -> 0.84799691 | T9: =IF($E9=1,(LOG(H9,2)+1),IF($E9=0,(LOG(1-H9,2)+1),"")) -> -3.3219281 | U9: =IF($E9=1,(LOG(I9,2)+1),IF($E9=0,(LOG(1-I9,2)+1),"")) -> -0.73696559 | V9: =IF($E9=1,(LOG(J9,2)+1),IF($E9=0,(LOG(1-J9,2)+1),"")) -> -2.3219281 | W9: =IF($E9=1,(LOG(K9,2)+1),IF($E9=0,(LOG(1-K9,2)+1),"")) -> 0.5849625 | X9: =IF($E9=1,(LOG(L9,2)+1),IF($E9=0,(LOG(1-L9,2)+1),"")) -> -0.73696559 | Y9: =IF($E9=1,(LOG(M9,2)+1),IF($E9=0,(LOG(1-M9,2)+1),"")) -> -3.3219281 | ... AC9: =IF($E9=1,(LOG(Q9,2)+1),IF($E9=0,(LOG(1-Q9,2)+1),"")) -> -0.32192809 | AE9: =ABS((LOG(F9,2)-LOG(1-F9,2))+ABS(LOG(G9,2)-LOG(1-G9,2))+ABS(LOG(H9,2)-LOG(1-H9,2))+ABS(LOG(I9,2)-LOG(1-I9,2))+ABS(LOG(J9,2)-LOG(1-J9,2))+ABS(LOG(K9,2)-LOG(1-K9,2))+ABS(LOG(L9,2)-LOG(1-L9,2))+ABS(LOG(M9,2)-LOG(1-M9,2))+ABS(LOG(N9,2)-LOG(1-N9,2))+ABS(LOG(O9,2)-LOG(1-O9,2))+ABS(LOG(P9,2)-LOG(1-P9,2))+ABS(LOG(Q9,2)-LOG(1-Q9,2))) -> 26.098387 | AF9: =AVERAGE(F9:Q9) -> 0.45833333 | AG9: =VAR(F9,G9,H9,I9,J9,K9,L9,M9,N9,O9,P9,Q9) -> 0.10356061 | AH9: =IF(F9=MIN($F9:$Q9),LOG(1-F9,2)+1,IF(F9=MAX($F9:$Q9),LOG(F9,2)+1,"")) | AI9: =IF(G9=MIN($F9:$Q9),LOG(1-G9,2)+1,IF(G9=MAX($F9:$Q9),LOG(G9,2)+1,"")) -> 0.84799691 | AJ9: =IF(H9=MIN($F9:$Q9),LOG(1-H9,2)+1,IF(H9=MAX($F9:$Q9),LOG(H9,2)+1,"")) -> 0.92599942 | AK9: =IF(I9=MIN($F9:$Q9),LOG(1-I9,2)+1,IF(I9=MAX($F9:$Q9),LOG(I9,2)+1,"")) | AL9: =IF(J9=MIN($F9:$Q9),LOG(1-J9,2)+1,IF(J9=MAX($F9:$Q9),LOG(J9,2)+1,"")) | AM9: =IF(K9=MIN($F9:$Q9),LOG(1-K9,2)+1,IF(K9=MAX($F9:$Q9),LOG(K9,2)+1,"")) | AN9: =IF(L9=MIN($F9:$Q9),LOG(1-L9,2)+1,IF(L9=MAX($F9:$Q9),LOG(L9,2)+1,"")) | AO9: =IF(M9=MIN($F9:$Q9),LOG(1-M9,2)+1,IF(M9=MAX($F9:$Q9),LOG(M9,2)+1,"")) -> 0.92599942 | ... AS9: =IF(Q9=MIN($F9:$Q9),LOG(1-Q9,2)+1,IF(Q9=MAX($F9:$Q9),LOG(Q9,2)+1,"")) | AT9: =IF(F9=MIN($F9:$Q9),"Yes","") | AU9: =IF(G9=MIN($F9:$Q9),"Yes","") | AV9: =IF(H9=MIN($F9:$Q9),"Yes","") -> Yes | AW9: =IF(I9=MIN($F9:$Q9),"Yes","") | AX9: =IF(J9=MIN($F9:$Q9),"Yes","") | AY9: =IF(K9=MIN($F9:$Q9),"Yes","") | AZ9: =IF(L9=MIN($F9:$Q9),"Yes","") | BA9: =IF(M9=MIN($F9:$Q9),"Yes","") -> Yes | ... BE9: =IF(Q9=MIN($F9:$Q9),"Yes","") | BF9: =IF(F9=MAX($F9:$Q9),"Yes","") | BG9: =IF(G9=MAX($F9:$Q9),"Yes","") -> Yes | BH9: =IF(H9=MAX($F9:$Q9),"Yes","") | BI9: =IF(I9=MAX($F9:$Q9),"Yes","") | BJ9: =IF(J9=MAX($F9:$Q9),"Yes","") | BK9: =IF(K9=MAX($F9:$Q9),"Yes","") | BL9: =IF(L9=MAX($F9:$Q9),"Yes","") | BM9: =IF(M9=MAX($F9:$Q9),"Yes","") | ... BQ9: =IF(Q9=MAX($F9:$Q9),"Yes","") | BR9: =IF((F9-G9)>=0.5,"Yes",IF((G9-F9)>=0.5,"Yes","")) | BS9: =IF((L9-M9)>=0.5,"Yes",IF((M9-L9)>=0.5,"Yes","")) | BW9: =IF(BR9="Yes",-G9,0) -> 0 | BX9: =IF(BR9="Yes",F9,0) -> 0 | BY9: =IF((BX9-BW9)>0.01,(BX9-BW9),"") | BZ9: =IF(BS9="Yes",-L9,0) -> 0 | CA9: =IF(BS9="Yes",M9,0) -> 0 | CB9: =IF((CA9-BZ9)>0.01,(CA9-BZ9),"") | CC9: Yes
A10: 9 | B10: Aus Politics | C10: A sitting MP will make allegations of possible voter fraud or election 'rigging' in the 2022 Australian federal election | E10: 0 | F10: =Andrew!D10 -> 0.55 | G10: =Bruce!D10 -> 0.3 | H10: =Christine!D10 -> 0.3 | I10: =Eileen!D10 -> 0.4 | J10: =Iain!D10 -> 0.9 | K10: =Gael!D10 -> 0.35 | L10: =Jac!D10 -> 0.9 | M10: =James!D10 -> 0.3 | N10: =Kate!D10 -> 0.7 | O10: =Lachy!D10 -> 0.85 | P10: =Pete!D10 -> 0.4 | Q10: =Rohan!D10 -> 0.8 | R10: =IF($E10=1,(LOG(F10,2)+1),IF($E10=0,(LOG(1-F10,2)+1),"")) -> -0.15200309 | S10: =IF($E10=1,(LOG(G10,2)+1),IF($E10=0,(LOG(1-G10,2)+1),"")) -> 0.48542683 | T10: =IF($E10=1,(LOG(H10,2)+1),IF($E10=0,(LOG(1-H10,2)+1),"")) -> 0.48542683 | U10: =IF($E10=1,(LOG(I10,2)+1),IF($E10=0,(LOG(1-I10,2)+1),"")) -> 0.26303441 | V10: =IF($E10=1,(LOG(J10,2)+1),IF($E10=0,(LOG(1-J10,2)+1),"")) -> -2.3219281 | W10: =IF($E10=1,(LOG(K10,2)+1),IF($E10=0,(LOG(1-K10,2)+1),"")) -> 0.37851162 | X10: =IF($E10=1,(LOG(L10,2)+1),IF($E10=0,(LOG(1-L10,2)+1),"")) -> -2.3219281 | Y10: =IF($E10=1,(LOG(M10,2)+1),IF($E10=0,(LOG(1-M10,2)+1),"")) -> 0.48542683 | ... AC10: =IF($E10=1,(LOG(Q10,2)+1),IF($E10=0,(LOG(1-Q10,2)+1),"")) -> -1.3219281 | AE10: =ABS((LOG(F10,2)-LOG(1-F10,2))+ABS(LOG(G10,2)-LOG(1-G10,2))+ABS(LOG(H10,2)-LOG(1-H10,2))+ABS(LOG(I10,2)-LOG(1-I10,2))+ABS(LOG(J10,2)-LOG(1-J10,2))+ABS(LOG(K10,2)-LOG(1-K10,2))+ABS(LOG(L10,2)-LOG(1-L10,2))+ABS(LOG(M10,2)-LOG(1-M10,2))+ABS(LOG(N10,2)-LOG(1-N10,2))+ABS(LOG(O10,2)-LOG(1-O10,2))+ABS(LOG(P10,2)-LOG(1-P10,2))+ABS(LOG(Q10,2)-LOG(1-Q10,2))) -> 18.084436 | AF10: =AVERAGE(F10:Q10) -> 0.5625 | AG10: =VAR(F10,G10,H10,I10,J10,K10,L10,M10,N10,O10,P10,Q10) -> 0.062784091 | AT10: =IF(F10=MIN($F10:$Q10),"Yes","") | AU10: =IF(G10=MIN($F10:$Q10),"Yes","") -> Yes | AV10: =IF(H10=MIN($F10:$Q10),"Yes","") -> Yes | AW10: =IF(I10=MIN($F10:$Q10),"Yes","") | AX10: =IF(J10=MIN($F10:$Q10),"Yes","") | AY10: =IF(K10=MIN($F10:$Q10),"Yes","") | AZ10: =IF(L10=MIN($F10:$Q10),"Yes","") | BA10: =IF(M10=MIN($F10:$Q10),"Yes","") -> Yes | ... BE10: =IF(Q10=MIN($F10:$Q10),"Yes","") | BF10: =IF(F10=MAX($F10:$Q10),"Yes","") | BG10: =IF(G10=MAX($F10:$Q10),"Yes","") | BH10: =IF(H10=MAX($F10:$Q10),"Yes","") | BI10: =IF(I10=MAX($F10:$Q10),"Yes","") | BJ10: =IF(J10=MAX($F10:$Q10),"Yes","") -> Yes | BK10: =IF(K10=MAX($F10:$Q10),"Yes","") | BL10: =IF(L10=MAX($F10:$Q10),"Yes","") -> Yes | BM10: =IF(M10=MAX($F10:$Q10),"Yes","") | ... BQ10: =IF(Q10=MAX($F10:$Q10),"Yes","") | BR10: =IF((F10-G10)>=0.5,"Yes",IF((G10-F10)>=0.5,"Yes","")) | BS10: =IF((L10-M10)>=0.5,"Yes",IF((M10-L10)>=0.5,"Yes","")) -> Yes | BW10: =IF(BR10="Yes",-G10,0) -> 0 | BX10: =IF(BR10="Yes",F10,0) -> 0 | BY10: =IF((BX10-BW10)>0.01,(BX10-BW10),"") | BZ10: =IF(BS10="Yes",-L10,0) -> -0.9 | CA10: =IF(BS10="Yes",M10,0) -> 0.3 | CB10: =IF((CA10-BZ10)>0.01,(CA10-BZ10),"") -> 1.2
A11: 10 | B11: Aus Politics | C11: The Australian Intelligence Community will release a statement contradicting a Government minister or MP during the 2022 election campaign | D11: 44702 | E11: 0 | F11: =Andrew!D11 -> 0.4 | G11: =Bruce!D11 -> 0.2 | H11: =Christine!D11 -> 0.1 | I11: =Eileen!D11 -> 0.2 | J11: =Iain!D11 -> 0.1 | K11: =Gael!D11 -> 0.55 | L11: =Jac!D11 -> 0.15 | M11: =James!D11 -> 0.1 | N11: =Kate!D11 -> 0.9 | O11: =Lachy!D11 -> 0.001 | P11: =Pete!D11 -> 0.1 | Q11: =Rohan!D11 -> 0.75 | R11: =IF($E11=1,(LOG(F11,2)+1),IF($E11=0,(LOG(1-F11,2)+1),"")) -> 0.26303441 | S11: =IF($E11=1,(LOG(G11,2)+1),IF($E11=0,(LOG(1-G11,2)+1),"")) -> 0.67807191 | T11: =IF($E11=1,(LOG(H11,2)+1),IF($E11=0,(LOG(1-H11,2)+1),"")) -> 0.84799691 | U11: =IF($E11=1,(LOG(I11,2)+1),IF($E11=0,(LOG(1-I11,2)+1),"")) -> 0.67807191 | V11: =IF($E11=1,(LOG(J11,2)+1),IF($E11=0,(LOG(1-J11,2)+1),"")) -> 0.84799691 | W11: =IF($E11=1,(LOG(K11,2)+1),IF($E11=0,(LOG(1-K11,2)+1),"")) -> -0.15200309 | X11: =IF($E11=1,(LOG(L11,2)+1),IF($E11=0,(LOG(1-L11,2)+1),"")) -> 0.76553475 | Y11: =IF($E11=1,(LOG(M11,2)+1),IF($E11=0,(LOG(1-M11,2)+1),"")) -> 0.84799691 | ... AC11: =IF($E11=1,(LOG(Q11,2)+1),IF($E11=0,(LOG(1-Q11,2)+1),"")) -> -1 | AE11: =ABS((LOG(F11,2)-LOG(1-F11,2))+ABS(LOG(G11,2)-LOG(1-G11,2))+ABS(LOG(H11,2)-LOG(1-H11,2))+ABS(LOG(I11,2)-LOG(1-I11,2))+ABS(LOG(J11,2)-LOG(1-J11,2))+ABS(LOG(K11,2)-LOG(1-K11,2))+ABS(LOG(L11,2)-LOG(1-L11,2))+ABS(LOG(M11,2)-LOG(1-M11,2))+ABS(LOG(N11,2)-LOG(1-N11,2))+ABS(LOG(O11,2)-LOG(1-O11,2))+ABS(LOG(P11,2)-LOG(1-P11,2))+ABS(LOG(Q11,2)-LOG(1-Q11,2))) -> 33.605973 | AF11: =AVERAGE(F11:Q11) -> 0.29591667 | AG11: =VAR(F11,G11,H11,I11,J11,K11,L11,M11,N11,O11,P11,Q11) -> 0.084245538 | AH11: =IF(F11=MIN($F11:$Q11),LOG(1-F11,2)+1,IF(F11=MAX($F11:$Q11),LOG(F11,2)+1,"")) | AI11: =IF(G11=MIN($F11:$Q11),LOG(1-G11,2)+1,IF(G11=MAX($F11:$Q11),LOG(G11,2)+1,"")) | AJ11: =IF(H11=MIN($F11:$Q11),LOG(1-H11,2)+1,IF(H11=MAX($F11:$Q11),LOG(H11,2)+1,"")) | AK11: =IF(I11=MIN($F11:$Q11),LOG(1-I11,2)+1,IF(I11=MAX($F11:$Q11),LOG(I11,2)+1,"")) | AL11: =IF(J11=MIN($F11:$Q11),LOG(1-J11,2)+1,IF(J11=MAX($F11:$Q11),LOG(J11,2)+1,"")) | AM11: =IF(K11=MIN($F11:$Q11),LOG(1-K11,2)+1,IF(K11=MAX($F11:$Q11),LOG(K11,2)+1,"")) | AN11: =IF(L11=MIN($F11:$Q11),LOG(1-L11,2)+1,IF(L11=MAX($F11:$Q11),LOG(L11,2)+1,"")) | AO11: =IF(M11=MIN($F11:$Q11),LOG(1-M11,2)+1,IF(M11=MAX($F11:$Q11),LOG(M11,2)+1,"")) | ... AS11: =IF(Q11=MIN($F11:$Q11),LOG(1-Q11,2)+1,IF(Q11=MAX($F11:$Q11),LOG(Q11,2)+1,"")) | AT11: =IF(F11=MIN($F11:$Q11),"Yes","") | AU11: =IF(G11=MIN($F11:$Q11),"Yes","") | AV11: =IF(H11=MIN($F11:$Q11),"Yes","") | AW11: =IF(I11=MIN($F11:$Q11),"Yes","") | AX11: =IF(J11=MIN($F11:$Q11),"Yes","") | AY11: =IF(K11=MIN($F11:$Q11),"Yes","") | AZ11: =IF(L11=MIN($F11:$Q11),"Yes","") | BA11: =IF(M11=MIN($F11:$Q11),"Yes","") | ... BE11: =IF(Q11=MIN($F11:$Q11),"Yes","") | BF11: =IF(F11=MAX($F11:$Q11),"Yes","") | BG11: =IF(G11=MAX($F11:$Q11),"Yes","") | BH11: =IF(H11=MAX($F11:$Q11),"Yes","") | BI11: =IF(I11=MAX($F11:$Q11),"Yes","") | BJ11: =IF(J11=MAX($F11:$Q11),"Yes","") | BK11: =IF(K11=MAX($F11:$Q11),"Yes","") | BL11: =IF(L11=MAX($F11:$Q11),"Yes","") | BM11: =IF(M11=MAX($F11:$Q11),"Yes","") | ... BQ11: =IF(Q11=MAX($F11:$Q11),"Yes","") | BR11: =IF((F11-G11)>=0.5,"Yes",IF((G11-F11)>=0.5,"Yes","")) | BS11: =IF((L11-M11)>=0.5,"Yes",IF((M11-L11)>=0.5,"Yes","")) | BW11: =IF(BR11="Yes",-G11,0) -> 0 | BX11: =IF(BR11="Yes",F11,0) -> 0 | BY11: =IF((BX11-BW11)>0.01,(BX11-BW11),"") | BZ11: =IF(BS11="Yes",-L11,0) -> 0 | CA11: =IF(BS11="Yes",M11,0) -> 0 | CB11: =IF((CA11-BZ11)>0.01,(CA11-BZ11),"") | CC11: No
A12: 11 | B12: Aus Politics | C12: Scott Morrison will still be the Prime Minister of Australia | E12: 0 | F12: =Andrew!D12 -> 0.4 | G12: =Bruce!D12 -> 0.2 | H12: =Christine!D12 -> 0.2 | I12: =Eileen!D12 -> 0.8 | J12: =Iain!D12 -> 0.5 | K12: =Gael!D12 -> 0.75 | L12: =Jac!D12 -> 0.7 | M12: =James!D12 -> 0.05 | N12: =Kate!D12 -> 0.1 | O12: =Lachy!D12 -> 0.65 | P12: =Pete!D12 -> 0.3 | Q12: =Rohan!D12 -> 0.1 | R12: =IF($E12=1,(LOG(F12,2)+1),IF($E12=0,(LOG(1-F12,2)+1),"")) -> 0.26303441 | S12: =IF($E12=1,(LOG(G12,2)+1),IF($E12=0,(LOG(1-G12,2)+1),"")) -> 0.67807191 | T12: =IF($E12=1,(LOG(H12,2)+1),IF($E12=0,(LOG(1-H12,2)+1),"")) -> 0.67807191 | U12: =IF($E12=1,(LOG(I12,2)+1),IF($E12=0,(LOG(1-I12,2)+1),"")) -> -1.3219281 | V12: =IF($E12=1,(LOG(J12,2)+1),IF($E12=0,(LOG(1-J12,2)+1),"")) -> 0 | W12: =IF($E12=1,(LOG(K12,2)+1),IF($E12=0,(LOG(1-K12,2)+1),"")) -> -1 | X12: =IF($E12=1,(LOG(L12,2)+1),IF($E12=0,(LOG(1-L12,2)+1),"")) -> -0.73696559 | Y12: =IF($E12=1,(LOG(M12,2)+1),IF($E12=0,(LOG(1-M12,2)+1),"")) -> 0.92599942 | ... AC12: =IF($E12=1,(LOG(Q12,2)+1),IF($E12=0,(LOG(1-Q12,2)+1),"")) -> 0.84799691 | AE12: =ABS((LOG(F12,2)-LOG(1-F12,2))+ABS(LOG(G12,2)-LOG(1-G12,2))+ABS(LOG(H12,2)-LOG(1-H12,2))+ABS(LOG(I12,2)-LOG(1-I12,2))+ABS(LOG(J12,2)-LOG(1-J12,2))+ABS(LOG(K12,2)-LOG(1-K12,2))+ABS(LOG(L12,2)-LOG(1-L12,2))+ABS(LOG(M12,2)-LOG(1-M12,2))+ABS(LOG(N12,2)-LOG(1-N12,2))+ABS(LOG(O12,2)-LOG(1-O12,2))+ABS(LOG(P12,2)-LOG(1-P12,2))+ABS(LOG(Q12,2)-LOG(1-Q12,2))) -> 20.925647 | AF12: =AVERAGE(F12:Q12) -> 0.39583333 | AG12: =VAR(F12,G12,H12,I12,J12,K12,L12,M12,N12,O12,P12,Q12) -> 0.076117424 | AT12: =IF(F12=MIN($F12:$Q12),"Yes","") | AU12: =IF(G12=MIN($F12:$Q12),"Yes","") | AV12: =IF(H12=MIN($F12:$Q12),"Yes","") | AW12: =IF(I12=MIN($F12:$Q12),"Yes","") | AX12: =IF(J12=MIN($F12:$Q12),"Yes","") | AY12: =IF(K12=MIN($F12:$Q12),"Yes","") | AZ12: =IF(L12=MIN($F12:$Q12),"Yes","") | BA12: =IF(M12=MIN($F12:$Q12),"Yes","") -> Yes | ... BE12: =IF(Q12=MIN($F12:$Q12),"Yes","") | BF12: =IF(F12=MAX($F12:$Q12),"Yes","") | BG12: =IF(G12=MAX($F12:$Q12),"Yes","") | BH12: =IF(H12=MAX($F12:$Q12),"Yes","") | BI12: =IF(I12=MAX($F12:$Q12),"Yes","") -> Yes | BJ12: =IF(J12=MAX($F12:$Q12),"Yes","") | BK12: =IF(K12=MAX($F12:$Q12),"Yes","") | BL12: =IF(L12=MAX($F12:$Q12),"Yes","") | BM12: =IF(M12=MAX($F12:$Q12),"Yes","") | ... BQ12: =IF(Q12=MAX($F12:$Q12),"Yes","") | BR12: =IF((F12-G12)>=0.5,"Yes",IF((G12-F12)>=0.5,"Yes","")) | BS12: =IF((L12-M12)>=0.5,"Yes",IF((M12-L12)>=0.5,"Yes","")) -> Yes | BW12: =IF(BR12="Yes",-G12,0) -> 0 | BX12: =IF(BR12="Yes",F12,0) -> 0 | BY12: =IF((BX12-BW12)>0.01,(BX12-BW12),"") | BZ12: =IF(BS12="Yes",-L12,0) -> -0.7 | CA12: =IF(BS12="Yes",M12,0) -> 0.05 | CB12: =IF((CA12-BZ12)>0.01,(CA12-BZ12),"") -> 0.75 | CC12: No
A13: 12 | B13: Aus Politics | C13: An Australian federal Minister will step down from their position due to direct involvement (proven or otherwise) in sexual misconduct at some point in the year. | E13: 0 | F13: =Andrew!D13 -> 0.65 | G13: =Bruce!D13 -> 0.4 | H13: =Christine!D13 -> 0.1 | I13: =Eileen!D13 -> 0.9 | J13: =Iain!D13 -> 0.9 | K13: =Gael!D13 -> 0.35 | L13: =Jac!D13 -> 0.2 | M13: =James!D13 -> 0.1 | N13: =Kate!D13 -> 0.6 | O13: =Lachy!D13 -> 0.15 | P13: =Pete!D13 -> 0.3 | Q13: =Rohan!D13 -> 0.6 | R13: =IF($E13=1,(LOG(F13,2)+1),IF($E13=0,(LOG(1-F13,2)+1),"")) -> -0.51457317 | S13: =IF($E13=1,(LOG(G13,2)+1),IF($E13=0,(LOG(1-G13,2)+1),"")) -> 0.26303441 | T13: =IF($E13=1,(LOG(H13,2)+1),IF($E13=0,(LOG(1-H13,2)+1),"")) -> 0.84799691 | U13: =IF($E13=1,(LOG(I13,2)+1),IF($E13=0,(LOG(1-I13,2)+1),"")) -> -2.3219281 | V13: =IF($E13=1,(LOG(J13,2)+1),IF($E13=0,(LOG(1-J13,2)+1),"")) -> -2.3219281 | W13: =IF($E13=1,(LOG(K13,2)+1),IF($E13=0,(LOG(1-K13,2)+1),"")) -> 0.37851162 | X13: =IF($E13=1,(LOG(L13,2)+1),IF($E13=0,(LOG(1-L13,2)+1),"")) -> 0.67807191 | Y13: =IF($E13=1,(LOG(M13,2)+1),IF($E13=0,(LOG(1-M13,2)+1),"")) -> 0.84799691 | ... AC13: =IF($E13=1,(LOG(Q13,2)+1),IF($E13=0,(LOG(1-Q13,2)+1),"")) -> -0.32192809 | AE13: =ABS((LOG(F13,2)-LOG(1-F13,2))+ABS(LOG(G13,2)-LOG(1-G13,2))+ABS(LOG(H13,2)-LOG(1-H13,2))+ABS(LOG(I13,2)-LOG(1-I13,2))+ABS(LOG(J13,2)-LOG(1-J13,2))+ABS(LOG(K13,2)-LOG(1-K13,2))+ABS(LOG(L13,2)-LOG(1-L13,2))+ABS(LOG(M13,2)-LOG(1-M13,2))+ABS(LOG(N13,2)-LOG(1-N13,2))+ABS(LOG(O13,2)-LOG(1-O13,2))+ABS(LOG(P13,2)-LOG(1-P13,2))+ABS(LOG(Q13,2)-LOG(1-Q13,2))) -> 21.94565 | AF13: =AVERAGE(F13:Q13) -> 0.4375 | AG13: =VAR(F13,G13,H13,I13,J13,K13,L13,M13,N13,O13,P13,Q13) -> 0.083693182 | AH13: =IF(F13=MIN($F13:$Q13),LOG(1-F13,2)+1,IF(F13=MAX($F13:$Q13),LOG(F13,2)+1,"")) | AI13: =IF(G13=MIN($F13:$Q13),LOG(1-G13,2)+1,IF(G13=MAX($F13:$Q13),LOG(G13,2)+1,"")) | AJ13: =IF(H13=MIN($F13:$Q13),LOG(1-H13,2)+1,IF(H13=MAX($F13:$Q13),LOG(H13,2)+1,"")) -> 0.84799691 | AK13: =IF(I13=MIN($F13:$Q13),LOG(1-I13,2)+1,IF(I13=MAX($F13:$Q13),LOG(I13,2)+1,"")) -> 0.84799691 | AL13: =IF(J13=MIN($F13:$Q13),LOG(1-J13,2)+1,IF(J13=MAX($F13:$Q13),LOG(J13,2)+1,"")) -> 0.84799691 | AM13: =IF(K13=MIN($F13:$Q13),LOG(1-K13,2)+1,IF(K13=MAX($F13:$Q13),LOG(K13,2)+1,"")) | AN13: =IF(L13=MIN($F13:$Q13),LOG(1-L13,2)+1,IF(L13=MAX($F13:$Q13),LOG(L13,2)+1,"")) | AO13: =IF(M13=MIN($F13:$Q13),LOG(1-M13,2)+1,IF(M13=MAX($F13:$Q13),LOG(M13,2)+1,"")) -> 0.84799691 | ... AS13: =IF(Q13=MIN($F13:$Q13),LOG(1-Q13,2)+1,IF(Q13=MAX($F13:$Q13),LOG(Q13,2)+1,"")) | AT13: =IF(F13=MIN($F13:$Q13),"Yes","") | AU13: =IF(G13=MIN($F13:$Q13),"Yes","") | AV13: =IF(H13=MIN($F13:$Q13),"Yes","") -> Yes | AW13: =IF(I13=MIN($F13:$Q13),"Yes","") | AX13: =IF(J13=MIN($F13:$Q13),"Yes","") | AY13: =IF(K13=MIN($F13:$Q13),"Yes","") | AZ13: =IF(L13=MIN($F13:$Q13),"Yes","") | BA13: =IF(M13=MIN($F13:$Q13),"Yes","") -> Yes | ... BE13: =IF(Q13=MIN($F13:$Q13),"Yes","") | BF13: =IF(F13=MAX($F13:$Q13),"Yes","") | BG13: =IF(G13=MAX($F13:$Q13),"Yes","") | BH13: =IF(H13=MAX($F13:$Q13),"Yes","") | BI13: =IF(I13=MAX($F13:$Q13),"Yes","") -> Yes | BJ13: =IF(J13=MAX($F13:$Q13),"Yes","") -> Yes | BK13: =IF(K13=MAX($F13:$Q13),"Yes","") | BL13: =IF(L13=MAX($F13:$Q13),"Yes","") | BM13: =IF(M13=MAX($F13:$Q13),"Yes","") | ... BQ13: =IF(Q13=MAX($F13:$Q13),"Yes","") | BR13: =IF((F13-G13)>=0.5,"Yes",IF((G13-F13)>=0.5,"Yes","")) | BS13: =IF((L13-M13)>=0.5,"Yes",IF((M13-L13)>=0.5,"Yes","")) | BW13: =IF(BR13="Yes",-G13,0) -> 0 | BX13: =IF(BR13="Yes",F13,0) -> 0 | BY13: =IF((BX13-BW13)>0.01,(BX13-BW13),"") | BZ13: =IF(BS13="Yes",-L13,0) -> 0 | CA13: =IF(BS13="Yes",M13,0) -> 0 | CB13: =IF((CA13-BZ13)>0.01,(CA13-BZ13),"") | CC13: No
A14: 13 | B14: Aus Politics | C14: Friendlyjordies, or evidence he has brought to light, will feature in a court case or ICAC inquiry. | E14: 1 | F14: =Andrew!D14 -> 0.55 | G14: =Bruce!D14 -> 0.7 | H14: =Christine!D14 -> 0.3 | I14: =Eileen!D14 -> 0.6 | J14: =Iain!D14 -> 0.7 | K14: =Gael!D14 -> 0.65 | L14: =Jac!D14 -> 0.5 | M14: =James!D14 -> 0.3 | N14: =Kate!D14 -> 0.1 | O14: =Lachy!D14 -> 0.15 | P14: =Pete!D14 -> 0.5 | Q14: =Rohan!D14 -> 0.5 | R14: =IF($E14=1,(LOG(F14,2)+1),IF($E14=0,(LOG(1-F14,2)+1),"")) -> 0.13750352 | S14: =IF($E14=1,(LOG(G14,2)+1),IF($E14=0,(LOG(1-G14,2)+1),"")) -> 0.48542683 | T14: =IF($E14=1,(LOG(H14,2)+1),IF($E14=0,(LOG(1-H14,2)+1),"")) -> -0.73696559 | U14: =IF($E14=1,(LOG(I14,2)+1),IF($E14=0,(LOG(1-I14,2)+1),"")) -> 0.26303441 | V14: =IF($E14=1,(LOG(J14,2)+1),IF($E14=0,(LOG(1-J14,2)+1),"")) -> 0.48542683 | W14: =IF($E14=1,(LOG(K14,2)+1),IF($E14=0,(LOG(1-K14,2)+1),"")) -> 0.37851162 | X14: =IF($E14=1,(LOG(L14,2)+1),IF($E14=0,(LOG(1-L14,2)+1),"")) -> 0 | Y14: =IF($E14=1,(LOG(M14,2)+1),IF($E14=0,(LOG(1-M14,2)+1),"")) -> -0.73696559 | ... AC14: =IF($E14=1,(LOG(Q14,2)+1),IF($E14=0,(LOG(1-Q14,2)+1),"")) -> 0 | AE14: =ABS((LOG(F14,2)-LOG(1-F14,2))+ABS(LOG(G14,2)-LOG(1-G14,2))+ABS(LOG(H14,2)-LOG(1-H14,2))+ABS(LOG(I14,2)-LOG(1-I14,2))+ABS(LOG(J14,2)-LOG(1-J14,2))+ABS(LOG(K14,2)-LOG(1-K14,2))+ABS(LOG(L14,2)-LOG(1-L14,2))+ABS(LOG(M14,2)-LOG(1-M14,2))+ABS(LOG(N14,2)-LOG(1-N14,2))+ABS(LOG(O14,2)-LOG(1-O14,2))+ABS(LOG(P14,2)-LOG(1-P14,2))+ABS(LOG(Q14,2)-LOG(1-Q14,2))) -> 12.329549 | AF14: =AVERAGE(F14:Q14) -> 0.4625 | AG14: =VAR(F14,G14,H14,I14,J14,K14,L14,M14,N14,O14,P14,Q14) -> 0.041875 | AT14: =IF(F14=MIN($F14:$Q14),"Yes","") | AU14: =IF(G14=MIN($F14:$Q14),"Yes","") | AV14: =IF(H14=MIN($F14:$Q14),"Yes","") | AW14: =IF(I14=MIN($F14:$Q14),"Yes","") | AX14: =IF(J14=MIN($F14:$Q14),"Yes","") | AY14: =IF(K14=MIN($F14:$Q14),"Yes","") | AZ14: =IF(L14=MIN($F14:$Q14),"Yes","") | BA14: =IF(M14=MIN($F14:$Q14),"Yes","") | ... BE14: =IF(Q14=MIN($F14:$Q14),"Yes","") | BF14: =IF(F14=MAX($F14:$Q14),"Yes","") | BG14: =IF(G14=MAX($F14:$Q14),"Yes","") -> Yes | BH14: =IF(H14=MAX($F14:$Q14),"Yes","") | BI14: =IF(I14=MAX($F14:$Q14),"Yes","") | BJ14: =IF(J14=MAX($F14:$Q14),"Yes","") -> Yes | BK14: =IF(K14=MAX($F14:$Q14),"Yes","") | BL14: =IF(L14=MAX($F14:$Q14),"Yes","") | BM14: =IF(M14=MAX($F14:$Q14),"Yes","") | ... BQ14: =IF(Q14=MAX($F14:$Q14),"Yes","") | BR14: =IF((F14-G14)>=0.5,"Yes",IF((G14-F14)>=0.5,"Yes","")) | BS14: =IF((L14-M14)>=0.5,"Yes",IF((M14-L14)>=0.5,"Yes","")) | BW14: =IF(BR14="Yes",-G14,0) -> 0 | BX14: =IF(BR14="Yes",F14,0) -> 0 | BY14: =IF((BX14-BW14)>0.01,(BX14-BW14),"") | BZ14: =IF(BS14="Yes",-L14,0) -> 0 | CA14: =IF(BS14="Yes",M14,0) -> 0 | CB14: =IF((CA14-BZ14)>0.01,(CA14-BZ14),"")
A15: 14 | B15: Aus Politics | C15: At least one person commits suicide as an effect of the Royal Commission into Defence and Veteran Suicide, as reported in The Guardian | E15: 0 | F15: =Andrew!D15 -> 0.4 | G15: =Bruce!D15 -> 0.8 | H15: =Christine!D15 -> 0.7 | I15: =Eileen!D15 -> 0.4 | J15: =Iain!D15 -> 0.3 | K15: =Gael!D15 -> 0.85 | L15: =Jac!D15 -> 0.6 | M15: =James!D15 -> 0.7 | N15: =Kate!D15 -> 0.9 | O15: =Lachy!D15 -> 0.15 | P15: =Pete!D15 -> 0.5 | Q15: =Rohan!D15 -> 0.4 | R15: =IF($E15=1,(LOG(F15,2)+1),IF($E15=0,(LOG(1-F15,2)+1),"")) -> 0.26303441 | S15: =IF($E15=1,(LOG(G15,2)+1),IF($E15=0,(LOG(1-G15,2)+1),"")) -> -1.3219281 | T15: =IF($E15=1,(LOG(H15,2)+1),IF($E15=0,(LOG(1-H15,2)+1),"")) -> -0.73696559 | U15: =IF($E15=1,(LOG(I15,2)+1),IF($E15=0,(LOG(1-I15,2)+1),"")) -> 0.26303441 | V15: =IF($E15=1,(LOG(J15,2)+1),IF($E15=0,(LOG(1-J15,2)+1),"")) -> 0.48542683 | W15: =IF($E15=1,(LOG(K15,2)+1),IF($E15=0,(LOG(1-K15,2)+1),"")) -> -1.7369656 | X15: =IF($E15=1,(LOG(L15,2)+1),IF($E15=0,(LOG(1-L15,2)+1),"")) -> -0.32192809 | Y15: =IF($E15=1,(LOG(M15,2)+1),IF($E15=0,(LOG(1-M15,2)+1),"")) -> -0.73696559 | ... AC15: =IF($E15=1,(LOG(Q15,2)+1),IF($E15=0,(LOG(1-Q15,2)+1),"")) -> 0.26303441 | AE15: =ABS((LOG(F15,2)-LOG(1-F15,2))+ABS(LOG(G15,2)-LOG(1-G15,2))+ABS(LOG(H15,2)-LOG(1-H15,2))+ABS(LOG(I15,2)-LOG(1-I15,2))+ABS(LOG(J15,2)-LOG(1-J15,2))+ABS(LOG(K15,2)-LOG(1-K15,2))+ABS(LOG(L15,2)-LOG(1-L15,2))+ABS(LOG(M15,2)-LOG(1-M15,2))+ABS(LOG(N15,2)-LOG(1-N15,2))+ABS(LOG(O15,2)-LOG(1-O15,2))+ABS(LOG(P15,2)-LOG(1-P15,2))+ABS(LOG(Q15,2)-LOG(1-Q15,2))) -> 15.012028 | AF15: =AVERAGE(F15:Q15) -> 0.55833333 | AG15: =VAR(F15,G15,H15,I15,J15,K15,L15,M15,N15,O15,P15,Q15) -> 0.055833333 | AT15: =IF(F15=MIN($F15:$Q15),"Yes","") | AU15: =IF(G15=MIN($F15:$Q15),"Yes","") | AV15: =IF(H15=MIN($F15:$Q15),"Yes","") | AW15: =IF(I15=MIN($F15:$Q15),"Yes","") | AX15: =IF(J15=MIN($F15:$Q15),"Yes","") | AY15: =IF(K15=MIN($F15:$Q15),"Yes","") | AZ15: =IF(L15=MIN($F15:$Q15),"Yes","") | BA15: =IF(M15=MIN($F15:$Q15),"Yes","") | ... BE15: =IF(Q15=MIN($F15:$Q15),"Yes","") | BF15: =IF(F15=MAX($F15:$Q15),"Yes","") | BG15: =IF(G15=MAX($F15:$Q15),"Yes","") | BH15: =IF(H15=MAX($F15:$Q15),"Yes","") | BI15: =IF(I15=MAX($F15:$Q15),"Yes","") | BJ15: =IF(J15=MAX($F15:$Q15),"Yes","") | BK15: =IF(K15=MAX($F15:$Q15),"Yes","") | BL15: =IF(L15=MAX($F15:$Q15),"Yes","") | BM15: =IF(M15=MAX($F15:$Q15),"Yes","") | ... BQ15: =IF(Q15=MAX($F15:$Q15),"Yes","") | BR15: =IF((F15-G15)>=0.5,"Yes",IF((G15-F15)>=0.5,"Yes","")) | BS15: =IF((L15-M15)>=0.5,"Yes",IF((M15-L15)>=0.5,"Yes","")) | BW15: =IF(BR15="Yes",-G15,0) -> 0 | BX15: =IF(BR15="Yes",F15,0) -> 0 | BY15: =IF((BX15-BW15)>0.01,(BX15-BW15),"") | BZ15: =IF(BS15="Yes",-L15,0) -> 0 | CA15: =IF(BS15="Yes",M15,0) -> 0 | CB15: =IF((CA15-BZ15)>0.01,(CA15-BZ15),"") | CC15: No
A16: 15 | B16: Celebrities | C16: Taylor Swift will get married | E16: 0 | F16: =Andrew!D16 -> 0.55 | G16: =Bruce!D16 -> 0.4 | H16: =Christine!D16 -> 0.7 | I16: =Eileen!D16 -> 0.15 | J16: =Iain!D16 -> 0.6 | K16: =Gael!D16 -> 0.8 | L16: =Jac!D16 -> 0.2 | M16: =James!D16 -> 0.7 | N16: =Kate!D16 -> 0.8 | O16: =Lachy!D16 -> 0.15 | P16: =Pete!D16 -> 0.5 | Q16: =Rohan!D16 -> 0.01 | R16: =IF($E16=1,(LOG(F16,2)+1),IF($E16=0,(LOG(1-F16,2)+1),"")) -> -0.15200309 | S16: =IF($E16=1,(LOG(G16,2)+1),IF($E16=0,(LOG(1-G16,2)+1),"")) -> 0.26303441 | T16: =IF($E16=1,(LOG(H16,2)+1),IF($E16=0,(LOG(1-H16,2)+1),"")) -> -0.73696559 | U16: =IF($E16=1,(LOG(I16,2)+1),IF($E16=0,(LOG(1-I16,2)+1),"")) -> 0.76553475 | V16: =IF($E16=1,(LOG(J16,2)+1),IF($E16=0,(LOG(1-J16,2)+1),"")) -> -0.32192809 | W16: =IF($E16=1,(LOG(K16,2)+1),IF($E16=0,(LOG(1-K16,2)+1),"")) -> -1.3219281 | X16: =IF($E16=1,(LOG(L16,2)+1),IF($E16=0,(LOG(1-L16,2)+1),"")) -> 0.67807191 | Y16: =IF($E16=1,(LOG(M16,2)+1),IF($E16=0,(LOG(1-M16,2)+1),"")) -> -0.73696559 | ... AC16: =IF($E16=1,(LOG(Q16,2)+1),IF($E16=0,(LOG(1-Q16,2)+1),"")) -> 0.98550043 | AE16: =ABS((LOG(F16,2)-LOG(1-F16,2))+ABS(LOG(G16,2)-LOG(1-G16,2))+ABS(LOG(H16,2)-LOG(1-H16,2))+ABS(LOG(I16,2)-LOG(1-I16,2))+ABS(LOG(J16,2)-LOG(1-J16,2))+ABS(LOG(K16,2)-LOG(1-K16,2))+ABS(LOG(L16,2)-LOG(1-L16,2))+ABS(LOG(M16,2)-LOG(1-M16,2))+ABS(LOG(N16,2)-LOG(1-N16,2))+ABS(LOG(O16,2)-LOG(1-O16,2))+ABS(LOG(P16,2)-LOG(1-P16,2))+ABS(LOG(Q16,2)-LOG(1-Q16,2))) -> 21.538574 | AF16: =AVERAGE(F16:Q16) -> 0.46333333 | AG16: =VAR(F16,G16,H16,I16,J16,K16,L16,M16,N16,O16,P16,Q16) -> 0.07649697 | AT16: =IF(F16=MIN($F16:$Q16),"Yes","") | AU16: =IF(G16=MIN($F16:$Q16),"Yes","") | AV16: =IF(H16=MIN($F16:$Q16),"Yes","") | AW16: =IF(I16=MIN($F16:$Q16),"Yes","") | AX16: =IF(J16=MIN($F16:$Q16),"Yes","") | AY16: =IF(K16=MIN($F16:$Q16),"Yes","") | AZ16: =IF(L16=MIN($F16:$Q16),"Yes","") | BA16: =IF(M16=MIN($F16:$Q16),"Yes","") | ... BE16: =IF(Q16=MIN($F16:$Q16),"Yes","") -> Yes | BF16: =IF(F16=MAX($F16:$Q16),"Yes","") | BG16: =IF(G16=MAX($F16:$Q16),"Yes","") | BH16: =IF(H16=MAX($F16:$Q16),"Yes","") | BI16: =IF(I16=MAX($F16:$Q16),"Yes","") | BJ16: =IF(J16=MAX($F16:$Q16),"Yes","") | BK16: =IF(K16=MAX($F16:$Q16),"Yes","") -> Yes | BL16: =IF(L16=MAX($F16:$Q16),"Yes","") | BM16: =IF(M16=MAX($F16:$Q16),"Yes","") | ... BQ16: =IF(Q16=MAX($F16:$Q16),"Yes","") | BR16: =IF((F16-G16)>=0.5,"Yes",IF((G16-F16)>=0.5,"Yes","")) | BS16: =IF((L16-M16)>=0.5,"Yes",IF((M16-L16)>=0.5,"Yes","")) -> Yes | BW16: =IF(BR16="Yes",-G16,0) -> 0 | BX16: =IF(BR16="Yes",F16,0) -> 0 | BY16: =IF((BX16-BW16)>0.01,(BX16-BW16),"") | BZ16: =IF(BS16="Yes",-L16,0) -> -0.2 | CA16: =IF(BS16="Yes",M16,0) -> 0.7 | CB16: =IF((CA16-BZ16)>0.01,(CA16-BZ16),"") -> 0.9
A17: 16 | B17: Celebrities | C17: Jane Campion will win the Oscar for Best Director | D17: 44648 | E17: 1 | F17: =Andrew!D17 -> 0.8 | G17: =Bruce!D17 -> 0.6 | H17: =Christine!D17 -> 0.2 | I17: =Eileen!D17 -> 0.9 | J17: =Iain!D17 -> 0.9 | K17: =Gael!D17 -> 0.95 | L17: =Jac!D17 -> 0.7 | M17: =James!D17 -> 0.2 | N17: =Kate!D17 -> 0.1 | O17: =Lachy!D17 -> 0.5 | P17: =Pete!D17 -> 0.5 | Q17: =Rohan!D17 -> 0.3 | R17: =IF($E17=1,(LOG(F17,2)+1),IF($E17=0,(LOG(1-F17,2)+1),"")) -> 0.67807191 | S17: =IF($E17=1,(LOG(G17,2)+1),IF($E17=0,(LOG(1-G17,2)+1),"")) -> 0.26303441 | T17: =IF($E17=1,(LOG(H17,2)+1),IF($E17=0,(LOG(1-H17,2)+1),"")) -> -1.3219281 | U17: =IF($E17=1,(LOG(I17,2)+1),IF($E17=0,(LOG(1-I17,2)+1),"")) -> 0.84799691 | V17: =IF($E17=1,(LOG(J17,2)+1),IF($E17=0,(LOG(1-J17,2)+1),"")) -> 0.84799691 | W17: =IF($E17=1,(LOG(K17,2)+1),IF($E17=0,(LOG(1-K17,2)+1),"")) -> 0.92599942 | X17: =IF($E17=1,(LOG(L17,2)+1),IF($E17=0,(LOG(1-L17,2)+1),"")) -> 0.48542683 | Y17: =IF($E17=1,(LOG(M17,2)+1),IF($E17=0,(LOG(1-M17,2)+1),"")) -> -1.3219281 | ... AC17: =IF($E17=1,(LOG(Q17,2)+1),IF($E17=0,(LOG(1-Q17,2)+1),"")) -> -0.73696559 | AE17: =ABS((LOG(F17,2)-LOG(1-F17,2))+ABS(LOG(G17,2)-LOG(1-G17,2))+ABS(LOG(H17,2)-LOG(1-H17,2))+ABS(LOG(I17,2)-LOG(1-I17,2))+ABS(LOG(J17,2)-LOG(1-J17,2))+ABS(LOG(K17,2)-LOG(1-K17,2))+ABS(LOG(L17,2)-LOG(1-L17,2))+ABS(LOG(M17,2)-LOG(1-M17,2))+ABS(LOG(N17,2)-LOG(1-N17,2))+ABS(LOG(O17,2)-LOG(1-O17,2))+ABS(LOG(P17,2)-LOG(1-P17,2))+ABS(LOG(Q17,2)-LOG(1-Q17,2))) -> 22.78745 | AF17: =AVERAGE(F17:Q17) -> 0.55416667 | AG17: =VAR(F17,G17,H17,I17,J17,K17,L17,M17,N17,O17,P17,Q17) -> 0.09157197 | AH17: =IF(F17=MIN($F17:$Q17),LOG(1-F17,2)+1,IF(F17=MAX($F17:$Q17),LOG(F17,2)+1,"")) | AI17: =IF(G17=MIN($F17:$Q17),LOG(1-G17,2)+1,IF(G17=MAX($F17:$Q17),LOG(G17,2)+1,"")) | AJ17: =IF(H17=MIN($F17:$Q17),LOG(1-H17,2)+1,IF(H17=MAX($F17:$Q17),LOG(H17,2)+1,"")) | AK17: =IF(I17=MIN($F17:$Q17),LOG(1-I17,2)+1,IF(I17=MAX($F17:$Q17),LOG(I17,2)+1,"")) | AL17: =IF(J17=MIN($F17:$Q17),LOG(1-J17,2)+1,IF(J17=MAX($F17:$Q17),LOG(J17,2)+1,"")) | AM17: =IF(K17=MIN($F17:$Q17),LOG(1-K17,2)+1,IF(K17=MAX($F17:$Q17),LOG(K17,2)+1,"")) -> 0.92599942 | AN17: =IF(L17=MIN($F17:$Q17),LOG(1-L17,2)+1,IF(L17=MAX($F17:$Q17),LOG(L17,2)+1,"")) | AO17: =IF(M17=MIN($F17:$Q17),LOG(1-M17,2)+1,IF(M17=MAX($F17:$Q17),LOG(M17,2)+1,"")) | ... AS17: =IF(Q17=MIN($F17:$Q17),LOG(1-Q17,2)+1,IF(Q17=MAX($F17:$Q17),LOG(Q17,2)+1,"")) | AT17: =IF(F17=MIN($F17:$Q17),"Yes","") | AU17: =IF(G17=MIN($F17:$Q17),"Yes","") | AV17: =IF(H17=MIN($F17:$Q17),"Yes","") | AW17: =IF(I17=MIN($F17:$Q17),"Yes","") | AX17: =IF(J17=MIN($F17:$Q17),"Yes","") | AY17: =IF(K17=MIN($F17:$Q17),"Yes","") | AZ17: =IF(L17=MIN($F17:$Q17),"Yes","") | BA17: =IF(M17=MIN($F17:$Q17),"Yes","") | ... BE17: =IF(Q17=MIN($F17:$Q17),"Yes","") | BF17: =IF(F17=MAX($F17:$Q17),"Yes","") | BG17: =IF(G17=MAX($F17:$Q17),"Yes","") | BH17: =IF(H17=MAX($F17:$Q17),"Yes","") | BI17: =IF(I17=MAX($F17:$Q17),"Yes","") | BJ17: =IF(J17=MAX($F17:$Q17),"Yes","") | BK17: =IF(K17=MAX($F17:$Q17),"Yes","") -> Yes | BL17: =IF(L17=MAX($F17:$Q17),"Yes","") | BM17: =IF(M17=MAX($F17:$Q17),"Yes","") | ... BQ17: =IF(Q17=MAX($F17:$Q17),"Yes","") | BR17: =IF((F17-G17)>=0.5,"Yes",IF((G17-F17)>=0.5,"Yes","")) | BS17: =IF((L17-M17)>=0.5,"Yes",IF((M17-L17)>=0.5,"Yes","")) -> Yes | BW17: =IF(BR17="Yes",-G17,0) -> 0 | BX17: =IF(BR17="Yes",F17,0) -> 0 | BY17: =IF((BX17-BW17)>0.01,(BX17-BW17),"") | BZ17: =IF(BS17="Yes",-L17,0) -> -0.7 | CA17: =IF(BS17="Yes",M17,0) -> 0.2 | CB17: =IF((CA17-BZ17)>0.01,(CA17-BZ17),"") -> 0.9
A18: 17 | B18: Celebrities | C18: Harry and Megan's animated series "Pearl" will be released and have over 50% on Rotten Tomatoes | E18: 0 | F18: =Andrew!D18 -> 0.4 | G18: =Bruce!D18 -> 0.3 | H18: =Christine!D18 -> 0.8 | I18: =Eileen!D18 -> 0.4 | J18: =Iain!D18 -> 0.1 | K18: =Gael!D18 -> 0.8 | L18: =Jac!D18 -> 0.2 | M18: =James!D18 -> 0.8 | N18: =Kate!D18 -> 0.8 | O18: =Lachy!D18 -> 0.15 | P18: =Pete!D18 -> 0.5 | Q18: =Rohan!D18 -> 0.4 | R18: =IF($E18=1,(LOG(F18,2)+1),IF($E18=0,(LOG(1-F18,2)+1),"")) -> 0.26303441 | S18: =IF($E18=1,(LOG(G18,2)+1),IF($E18=0,(LOG(1-G18,2)+1),"")) -> 0.48542683 | T18: =IF($E18=1,(LOG(H18,2)+1),IF($E18=0,(LOG(1-H18,2)+1),"")) -> -1.3219281 | U18: =IF($E18=1,(LOG(I18,2)+1),IF($E18=0,(LOG(1-I18,2)+1),"")) -> 0.26303441 | V18: =IF($E18=1,(LOG(J18,2)+1),IF($E18=0,(LOG(1-J18,2)+1),"")) -> 0.84799691 | W18: =IF($E18=1,(LOG(K18,2)+1),IF($E18=0,(LOG(1-K18,2)+1),"")) -> -1.3219281 | X18: =IF($E18=1,(LOG(L18,2)+1),IF($E18=0,(LOG(1-L18,2)+1),"")) -> 0.67807191 | Y18: =IF($E18=1,(LOG(M18,2)+1),IF($E18=0,(LOG(1-M18,2)+1),"")) -> -1.3219281 | ... AC18: =IF($E18=1,(LOG(Q18,2)+1),IF($E18=0,(LOG(1-Q18,2)+1),"")) -> 0.26303441 | AE18: =ABS((LOG(F18,2)-LOG(1-F18,2))+ABS(LOG(G18,2)-LOG(1-G18,2))+ABS(LOG(H18,2)-LOG(1-H18,2))+ABS(LOG(I18,2)-LOG(1-I18,2))+ABS(LOG(J18,2)-LOG(1-J18,2))+ABS(LOG(K18,2)-LOG(1-K18,2))+ABS(LOG(L18,2)-LOG(1-L18,2))+ABS(LOG(M18,2)-LOG(1-M18,2))+ABS(LOG(N18,2)-LOG(1-N18,2))+ABS(LOG(O18,2)-LOG(1-O18,2))+ABS(LOG(P18,2)-LOG(1-P18,2))+ABS(LOG(Q18,2)-LOG(1-Q18,2))) -> 17.47978 | AF18: =AVERAGE(F18:Q18) -> 0.47083333 | AG18: =VAR(F18,G18,H18,I18,J18,K18,L18,M18,N18,O18,P18,Q18) -> 0.072026515 | AT18: =IF(F18=MIN($F18:$Q18),"Yes","") | AU18: =IF(G18=MIN($F18:$Q18),"Yes","") | AV18: =IF(H18=MIN($F18:$Q18),"Yes","") | AW18: =IF(I18=MIN($F18:$Q18),"Yes","") | AX18: =IF(J18=MIN($F18:$Q18),"Yes","") -> Yes | AY18: =IF(K18=MIN($F18:$Q18),"Yes","") | AZ18: =IF(L18=MIN($F18:$Q18),"Yes","") | BA18: =IF(M18=MIN($F18:$Q18),"Yes","") | ... BE18: =IF(Q18=MIN($F18:$Q18),"Yes","") | BF18: =IF(F18=MAX($F18:$Q18),"Yes","") | BG18: =IF(G18=MAX($F18:$Q18),"Yes","") | BH18: =IF(H18=MAX($F18:$Q18),"Yes","") -> Yes | BI18: =IF(I18=MAX($F18:$Q18),"Yes","") | BJ18: =IF(J18=MAX($F18:$Q18),"Yes","") | BK18: =IF(K18=MAX($F18:$Q18),"Yes","") -> Yes | BL18: =IF(L18=MAX($F18:$Q18),"Yes","") | BM18: =IF(M18=MAX($F18:$Q18),"Yes","") -> Yes | ... BQ18: =IF(Q18=MAX($F18:$Q18),"Yes","") | BR18: =IF((F18-G18)>=0.5,"Yes",IF((G18-F18)>=0.5,"Yes","")) | BS18: =IF((L18-M18)>=0.5,"Yes",IF((M18-L18)>=0.5,"Yes","")) -> Yes | BW18: =IF(BR18="Yes",-G18,0) -> 0 | BX18: =IF(BR18="Yes",F18,0) -> 0 | BY18: =IF((BX18-BW18)>0.01,(BX18-BW18),"") | BZ18: =IF(BS18="Yes",-L18,0) -> -0.2 | CA18: =IF(BS18="Yes",M18,0) -> 0.8 | CB18: =IF((CA18-BZ18)>0.01,(CA18-BZ18),"") -> 1
A19: 18 | B19: Celebrities | C19: Prince Andrew will enter or exit a courtroom wearing an oxygen mask and/or sitting in a wheelchair | E19: 0 | F19: =Andrew!D19 -> 0.3 | G19: =Bruce!D19 -> 0.2 | H19: =Christine!D19 -> 0.7 | I19: =Eileen!D19 -> 0.1 | J19: =Iain!D19 -> 0.4 | K19: =Gael!D19 -> 0.2 | L19: =Jac!D19 -> 0.1 | M19: =James!D19 -> 0.05 | N19: =Kate!D19 -> 0.1 | O19: =Lachy!D19 -> 0.15 | P19: =Pete!D19 -> 0.1 | Q19: =Rohan!D19 -> 0.2 | R19: =IF($E19=1,(LOG(F19,2)+1),IF($E19=0,(LOG(1-F19,2)+1),"")) -> 0.48542683 | S19: =IF($E19=1,(LOG(G19,2)+1),IF($E19=0,(LOG(1-G19,2)+1),"")) -> 0.67807191 | T19: =IF($E19=1,(LOG(H19,2)+1),IF($E19=0,(LOG(1-H19,2)+1),"")) -> -0.73696559 | U19: =IF($E19=1,(LOG(I19,2)+1),IF($E19=0,(LOG(1-I19,2)+1),"")) -> 0.84799691 | V19: =IF($E19=1,(LOG(J19,2)+1),IF($E19=0,(LOG(1-J19,2)+1),"")) -> 0.26303441 | W19: =IF($E19=1,(LOG(K19,2)+1),IF($E19=0,(LOG(1-K19,2)+1),"")) -> 0.67807191 | X19: =IF($E19=1,(LOG(L19,2)+1),IF($E19=0,(LOG(1-L19,2)+1),"")) -> 0.84799691 | Y19: =IF($E19=1,(LOG(M19,2)+1),IF($E19=0,(LOG(1-M19,2)+1),"")) -> 0.92599942 | ... AC19: =IF($E19=1,(LOG(Q19,2)+1),IF($E19=0,(LOG(1-Q19,2)+1),"")) -> 0.67807191 | AE19: =ABS((LOG(F19,2)-LOG(1-F19,2))+ABS(LOG(G19,2)-LOG(1-G19,2))+ABS(LOG(H19,2)-LOG(1-H19,2))+ABS(LOG(I19,2)-LOG(1-I19,2))+ABS(LOG(J19,2)-LOG(1-J19,2))+ABS(LOG(K19,2)-LOG(1-K19,2))+ABS(LOG(L19,2)-LOG(1-L19,2))+ABS(LOG(M19,2)-LOG(1-M19,2))+ABS(LOG(N19,2)-LOG(1-N19,2))+ABS(LOG(O19,2)-LOG(1-O19,2))+ABS(LOG(P19,2)-LOG(1-P19,2))+ABS(LOG(Q19,2)-LOG(1-Q19,2))) -> 26.01509 | AF19: =AVERAGE(F19:Q19) -> 0.21666667 | AG19: =VAR(F19,G19,H19,I19,J19,K19,L19,M19,N19,O19,P19,Q19) -> 0.032878788 | AT19: =IF(F19=MIN($F19:$Q19),"Yes","") | AU19: =IF(G19=MIN($F19:$Q19),"Yes","") | AV19: =IF(H19=MIN($F19:$Q19),"Yes","") | AW19: =IF(I19=MIN($F19:$Q19),"Yes","") | AX19: =IF(J19=MIN($F19:$Q19),"Yes","") | AY19: =IF(K19=MIN($F19:$Q19),"Yes","") | AZ19: =IF(L19=MIN($F19:$Q19),"Yes","") | BA19: =IF(M19=MIN($F19:$Q19),"Yes","") -> Yes | ... BE19: =IF(Q19=MIN($F19:$Q19),"Yes","") | BF19: =IF(F19=MAX($F19:$Q19),"Yes","") | BG19: =IF(G19=MAX($F19:$Q19),"Yes","") | BH19: =IF(H19=MAX($F19:$Q19),"Yes","") -> Yes | BI19: =IF(I19=MAX($F19:$Q19),"Yes","") | BJ19: =IF(J19=MAX($F19:$Q19),"Yes","") | BK19: =IF(K19=MAX($F19:$Q19),"Yes","") | BL19: =IF(L19=MAX($F19:$Q19),"Yes","") | BM19: =IF(M19=MAX($F19:$Q19),"Yes","") | ... BQ19: =IF(Q19=MAX($F19:$Q19),"Yes","") | BR19: =IF((F19-G19)>=0.5,"Yes",IF((G19-F19)>=0.5,"Yes","")) | BS19: =IF((L19-M19)>=0.5,"Yes",IF((M19-L19)>=0.5,"Yes","")) | BW19: =IF(BR19="Yes",-G19,0) -> 0 | BX19: =IF(BR19="Yes",F19,0) -> 0 | BY19: =IF((BX19-BW19)>0.01,(BX19-BW19),"") | BZ19: =IF(BS19="Yes",-L19,0) -> 0 | CA19: =IF(BS19="Yes",M19,0) -> 0 | CB19: =IF((CA19-BZ19)>0.01,(CA19-BZ19),"")
A20: 19 | B20: Celebrities | C20: News Ltd will report on the emergence of a conspiracy theory relating to the Queen's death: that the palace is either secretly concealing her death or her continuing life | E20: 0 | F20: =Andrew!D20 -> 0.25 | G20: =Bruce!D20 -> 0.4 | H20: =Christine!D20 -> 0.8 | I20: =Eileen!D20 -> 0.05 | J20: =Iain!D20 -> 0.5 | K20: =Gael!D20 -> 0.85 | L20: =Jac!D20 -> 0.05 | M20: =James!D20 -> 0.8 | N20: =Kate!D20 -> 0.1 | O20: =Lachy!D20 -> 0.001 | P20: =Pete!D20 -> 0.1 | Q20: =Rohan!D20 -> 0.5 | R20: =IF($E20=1,(LOG(F20,2)+1),IF($E20=0,(LOG(1-F20,2)+1),"")) -> 0.5849625 | S20: =IF($E20=1,(LOG(G20,2)+1),IF($E20=0,(LOG(1-G20,2)+1),"")) -> 0.26303441 | T20: =IF($E20=1,(LOG(H20,2)+1),IF($E20=0,(LOG(1-H20,2)+1),"")) -> -1.3219281 | U20: =IF($E20=1,(LOG(I20,2)+1),IF($E20=0,(LOG(1-I20,2)+1),"")) -> 0.92599942 | V20: =IF($E20=1,(LOG(J20,2)+1),IF($E20=0,(LOG(1-J20,2)+1),"")) -> 0 | W20: =IF($E20=1,(LOG(K20,2)+1),IF($E20=0,(LOG(1-K20,2)+1),"")) -> -1.7369656 | X20: =IF($E20=1,(LOG(L20,2)+1),IF($E20=0,(LOG(1-L20,2)+1),"")) -> 0.92599942 | Y20: =IF($E20=1,(LOG(M20,2)+1),IF($E20=0,(LOG(1-M20,2)+1),"")) -> -1.3219281 | ... AC20: =IF($E20=1,(LOG(Q20,2)+1),IF($E20=0,(LOG(1-Q20,2)+1),"")) -> 0 | AE20: =ABS((LOG(F20,2)-LOG(1-F20,2))+ABS(LOG(G20,2)-LOG(1-G20,2))+ABS(LOG(H20,2)-LOG(1-H20,2))+ABS(LOG(I20,2)-LOG(1-I20,2))+ABS(LOG(J20,2)-LOG(1-J20,2))+ABS(LOG(K20,2)-LOG(1-K20,2))+ABS(LOG(L20,2)-LOG(1-L20,2))+ABS(LOG(M20,2)-LOG(1-M20,2))+ABS(LOG(N20,2)-LOG(1-N20,2))+ABS(LOG(O20,2)-LOG(1-O20,2))+ABS(LOG(P20,2)-LOG(1-P20,2))+ABS(LOG(Q20,2)-LOG(1-Q20,2))) -> 30.302546 | AF20: =AVERAGE(F20:Q20) -> 0.36675 | AG20: =VAR(F20,G20,H20,I20,J20,K20,L20,M20,N20,O20,P20,Q20) -> 0.10326675 | AH20: =IF(F20=MIN($F20:$Q20),LOG(1-F20,2)+1,IF(F20=MAX($F20:$Q20),LOG(F20,2)+1,"")) | AI20: =IF(G20=MIN($F20:$Q20),LOG(1-G20,2)+1,IF(G20=MAX($F20:$Q20),LOG(G20,2)+1,"")) | AJ20: =IF(H20=MIN($F20:$Q20),LOG(1-H20,2)+1,IF(H20=MAX($F20:$Q20),LOG(H20,2)+1,"")) | AK20: =IF(I20=MIN($F20:$Q20),LOG(1-I20,2)+1,IF(I20=MAX($F20:$Q20),LOG(I20,2)+1,"")) | AL20: =IF(J20=MIN($F20:$Q20),LOG(1-J20,2)+1,IF(J20=MAX($F20:$Q20),LOG(J20,2)+1,"")) | AM20: =IF(K20=MIN($F20:$Q20),LOG(1-K20,2)+1,IF(K20=MAX($F20:$Q20),LOG(K20,2)+1,"")) -> 0.76553475 | AN20: =IF(L20=MIN($F20:$Q20),LOG(1-L20,2)+1,IF(L20=MAX($F20:$Q20),LOG(L20,2)+1,"")) | AO20: =IF(M20=MIN($F20:$Q20),LOG(1-M20,2)+1,IF(M20=MAX($F20:$Q20),LOG(M20,2)+1,"")) | ... AS20: =IF(Q20=MIN($F20:$Q20),LOG(1-Q20,2)+1,IF(Q20=MAX($F20:$Q20),LOG(Q20,2)+1,"")) | AT20: =IF(F20=MIN($F20:$Q20),"Yes","") | AU20: =IF(G20=MIN($F20:$Q20),"Yes","") | AV20: =IF(H20=MIN($F20:$Q20),"Yes","") | AW20: =IF(I20=MIN($F20:$Q20),"Yes","") | AX20: =IF(J20=MIN($F20:$Q20),"Yes","") | AY20: =IF(K20=MIN($F20:$Q20),"Yes","") | AZ20: =IF(L20=MIN($F20:$Q20),"Yes","") | BA20: =IF(M20=MIN($F20:$Q20),"Yes","") | ... BE20: =IF(Q20=MIN($F20:$Q20),"Yes","") | BF20: =IF(F20=MAX($F20:$Q20),"Yes","") | BG20: =IF(G20=MAX($F20:$Q20),"Yes","") | BH20: =IF(H20=MAX($F20:$Q20),"Yes","") | BI20: =IF(I20=MAX($F20:$Q20),"Yes","") | BJ20: =IF(J20=MAX($F20:$Q20),"Yes","") | BK20: =IF(K20=MAX($F20:$Q20),"Yes","") -> Yes | BL20: =IF(L20=MAX($F20:$Q20),"Yes","") | BM20: =IF(M20=MAX($F20:$Q20),"Yes","") | ... BQ20: =IF(Q20=MAX($F20:$Q20),"Yes","") | BR20: =IF((F20-G20)>=0.5,"Yes",IF((G20-F20)>=0.5,"Yes","")) | BS20: =IF((L20-M20)>=0.5,"Yes",IF((M20-L20)>=0.5,"Yes","")) -> Yes | BW20: =IF(BR20="Yes",-G20,0) -> 0 | BX20: =IF(BR20="Yes",F20,0) -> 0 | BY20: =IF((BX20-BW20)>0.01,(BX20-BW20),"") | BZ20: =IF(BS20="Yes",-L20,0) -> -0.05 | CA20: =IF(BS20="Yes",M20,0) -> 0.8 | CB20: =IF((CA20-BZ20)>0.01,(CA20-BZ20),"") -> 0.85
A21: 20 | B21: Celebrities | C21: Julian Assange will be located in Australia | E21: 0 | F21: =Andrew!D21 -> 0.2 | G21: =Bruce!D21 -> 0.2 | H21: =Christine!D21 -> 0.1 | I21: =Eileen!D21 -> 0.05 | J21: =Iain!D21 -> 0.3 | K21: =Gael!D21 -> 0.55 | L21: =Jac!D21 -> 0.2 | M21: =James!D21 -> 0.1 | N21: =Kate!D21 -> 0.2 | O21: =Lachy!D21 -> 0.15 | P21: =Pete!D21 -> 0.1 | Q21: =Rohan!D21 -> 0.3 | R21: =IF($E21=1,(LOG(F21,2)+1),IF($E21=0,(LOG(1-F21,2)+1),"")) -> 0.67807191 | S21: =IF($E21=1,(LOG(G21,2)+1),IF($E21=0,(LOG(1-G21,2)+1),"")) -> 0.67807191 | T21: =IF($E21=1,(LOG(H21,2)+1),IF($E21=0,(LOG(1-H21,2)+1),"")) -> 0.84799691 | U21: =IF($E21=1,(LOG(I21,2)+1),IF($E21=0,(LOG(1-I21,2)+1),"")) -> 0.92599942 | V21: =IF($E21=1,(LOG(J21,2)+1),IF($E21=0,(LOG(1-J21,2)+1),"")) -> 0.48542683 | W21: =IF($E21=1,(LOG(K21,2)+1),IF($E21=0,(LOG(1-K21,2)+1),"")) -> -0.15200309 | X21: =IF($E21=1,(LOG(L21,2)+1),IF($E21=0,(LOG(1-L21,2)+1),"")) -> 0.67807191 | Y21: =IF($E21=1,(LOG(M21,2)+1),IF($E21=0,(LOG(1-M21,2)+1),"")) -> 0.84799691 | ... AC21: =IF($E21=1,(LOG(Q21,2)+1),IF($E21=0,(LOG(1-Q21,2)+1),"")) -> 0.48542683 | AE21: =ABS((LOG(F21,2)-LOG(1-F21,2))+ABS(LOG(G21,2)-LOG(1-G21,2))+ABS(LOG(H21,2)-LOG(1-H21,2))+ABS(LOG(I21,2)-LOG(1-I21,2))+ABS(LOG(J21,2)-LOG(1-J21,2))+ABS(LOG(K21,2)-LOG(1-K21,2))+ABS(LOG(L21,2)-LOG(1-L21,2))+ABS(LOG(M21,2)-LOG(1-M21,2))+ABS(LOG(N21,2)-LOG(1-N21,2))+ABS(LOG(O21,2)-LOG(1-O21,2))+ABS(LOG(P21,2)-LOG(1-P21,2))+ABS(LOG(Q21,2)-LOG(1-Q21,2))) -> 22.994494 | AF21: =AVERAGE(F21:Q21) -> 0.20416667 | AG21: =VAR(F21,G21,H21,I21,J21,K21,L21,M21,N21,O21,P21,Q21) -> 0.017935606 | AT21: =IF(F21=MIN($F21:$Q21),"Yes","") | AU21: =IF(G21=MIN($F21:$Q21),"Yes","") | AV21: =IF(H21=MIN($F21:$Q21),"Yes","") | AW21: =IF(I21=MIN($F21:$Q21),"Yes","") -> Yes | AX21: =IF(J21=MIN($F21:$Q21),"Yes","") | AY21: =IF(K21=MIN($F21:$Q21),"Yes","") | AZ21: =IF(L21=MIN($F21:$Q21),"Yes","") | BA21: =IF(M21=MIN($F21:$Q21),"Yes","") | ... BE21: =IF(Q21=MIN($F21:$Q21),"Yes","") | BF21: =IF(F21=MAX($F21:$Q21),"Yes","") | BG21: =IF(G21=MAX($F21:$Q21),"Yes","") | BH21: =IF(H21=MAX($F21:$Q21),"Yes","") | BI21: =IF(I21=MAX($F21:$Q21),"Yes","") | BJ21: =IF(J21=MAX($F21:$Q21),"Yes","") | BK21: =IF(K21=MAX($F21:$Q21),"Yes","") -> Yes | BL21: =IF(L21=MAX($F21:$Q21),"Yes","") | BM21: =IF(M21=MAX($F21:$Q21),"Yes","") | ... BQ21: =IF(Q21=MAX($F21:$Q21),"Yes","") | BR21: =IF((F21-G21)>=0.5,"Yes",IF((G21-F21)>=0.5,"Yes","")) | BS21: =IF((L21-M21)>=0.5,"Yes",IF((M21-L21)>=0.5,"Yes","")) | BW21: =IF(BR21="Yes",-G21,0) -> 0 | BX21: =IF(BR21="Yes",F21,0) -> 0 | BY21: =IF((BX21-BW21)>0.01,(BX21-BW21),"") | BZ21: =IF(BS21="Yes",-L21,0) -> 0 | CA21: =IF(BS21="Yes",M21,0) -> 0 | CB21: =IF((CA21-BZ21)>0.01,(CA21-BZ21),"")
A22: 21 | B22: Celebrities | C22: An alleged sexual predator will recieve an Emmy or Oscar by mainstream media (Andrew’s system) | E22: 0 | F22: =Andrew!D22 -> 0.4 | G22: =Bruce!D22 -> 0.3 | H22: =Christine!D22 -> 0.3 | I22: =Eileen!D22 -> 0.2 | J22: =Iain!D22 -> 0.6 | K22: =Gael!D22 -> 0.7 | L22: =Jac!D22 -> 0.2 | M22: =James!D22 -> 0.3 | N22: =Kate!D22 -> 0.8 | O22: =Lachy!D22 -> 0.65 | P22: =Pete!D22 -> 0.1 | Q22: =Rohan!D22 -> 0.6 | R22: =IF($E22=1,(LOG(F22,2)+1),IF($E22=0,(LOG(1-F22,2)+1),"")) -> 0.26303441 | S22: =IF($E22=1,(LOG(G22,2)+1),IF($E22=0,(LOG(1-G22,2)+1),"")) -> 0.48542683 | T22: =IF($E22=1,(LOG(H22,2)+1),IF($E22=0,(LOG(1-H22,2)+1),"")) -> 0.48542683 | U22: =IF($E22=1,(LOG(I22,2)+1),IF($E22=0,(LOG(1-I22,2)+1),"")) -> 0.67807191 | V22: =IF($E22=1,(LOG(J22,2)+1),IF($E22=0,(LOG(1-J22,2)+1),"")) -> -0.32192809 | W22: =IF($E22=1,(LOG(K22,2)+1),IF($E22=0,(LOG(1-K22,2)+1),"")) -> -0.73696559 | X22: =IF($E22=1,(LOG(L22,2)+1),IF($E22=0,(LOG(1-L22,2)+1),"")) -> 0.67807191 | Y22: =IF($E22=1,(LOG(M22,2)+1),IF($E22=0,(LOG(1-M22,2)+1),"")) -> 0.48542683 | ... AC22: =IF($E22=1,(LOG(Q22,2)+1),IF($E22=0,(LOG(1-Q22,2)+1),"")) -> -0.32192809 | AE22: =ABS((LOG(F22,2)-LOG(1-F22,2))+ABS(LOG(G22,2)-LOG(1-G22,2))+ABS(LOG(H22,2)-LOG(1-H22,2))+ABS(LOG(I22,2)-LOG(1-I22,2))+ABS(LOG(J22,2)-LOG(1-J22,2))+ABS(LOG(K22,2)-LOG(1-K22,2))+ABS(LOG(L22,2)-LOG(1-L22,2))+ABS(LOG(M22,2)-LOG(1-M22,2))+ABS(LOG(N22,2)-LOG(1-N22,2))+ABS(LOG(O22,2)-LOG(1-O22,2))+ABS(LOG(P22,2)-LOG(1-P22,2))+ABS(LOG(Q22,2)-LOG(1-Q22,2))) -> 15.537542 | AF22: =AVERAGE(F22:Q22) -> 0.42916667 | AG22: =VAR(F22,G22,H22,I22,J22,K22,L22,M22,N22,O22,P22,Q22) -> 0.052935606 | AT22: =IF(F22=MIN($F22:$Q22),"Yes","") | AU22: =IF(G22=MIN($F22:$Q22),"Yes","") | AV22: =IF(H22=MIN($F22:$Q22),"Yes","") | AW22: =IF(I22=MIN($F22:$Q22),"Yes","") | AX22: =IF(J22=MIN($F22:$Q22),"Yes","") | AY22: =IF(K22=MIN($F22:$Q22),"Yes","") | AZ22: =IF(L22=MIN($F22:$Q22),"Yes","") | BA22: =IF(M22=MIN($F22:$Q22),"Yes","") | ... BE22: =IF(Q22=MIN($F22:$Q22),"Yes","") | BF22: =IF(F22=MAX($F22:$Q22),"Yes","") | BG22: =IF(G22=MAX($F22:$Q22),"Yes","") | BH22: =IF(H22=MAX($F22:$Q22),"Yes","") | BI22: =IF(I22=MAX($F22:$Q22),"Yes","") | BJ22: =IF(J22=MAX($F22:$Q22),"Yes","") | BK22: =IF(K22=MAX($F22:$Q22),"Yes","") | BL22: =IF(L22=MAX($F22:$Q22),"Yes","") | BM22: =IF(M22=MAX($F22:$Q22),"Yes","") | ... BQ22: =IF(Q22=MAX($F22:$Q22),"Yes","") | BR22: =IF((F22-G22)>=0.5,"Yes",IF((G22-F22)>=0.5,"Yes","")) | BS22: =IF((L22-M22)>=0.5,"Yes",IF((M22-L22)>=0.5,"Yes","")) | BW22: =IF(BR22="Yes",-G22,0) -> 0 | BX22: =IF(BR22="Yes",F22,0) -> 0 | BY22: =IF((BX22-BW22)>0.01,(BX22-BW22),"") | BZ22: =IF(BS22="Yes",-L22,0) -> 0 | CA22: =IF(BS22="Yes",M22,0) -> 0 | CB22: =IF((CA22-BZ22)>0.01,(CA22-BZ22),"") | CC22: No
A23: 22 | B23: Celebrities | C23: The Queen will die | D23: 44812 | E23: 1 | F23: =Andrew!D23 -> 0.4 | G23: =Bruce!D23 -> 0.2 | H23: =Christine!D23 -> 0.9 | I23: =Eileen!D23 -> 0.3 | J23: =Iain!D23 -> 0.7 | K23: =Gael!D23 -> 0.7 | L23: =Jac!D23 -> 0.05 | M23: =James!D23 -> 0.9 | N23: =Kate!D23 -> 0.9 | O23: =Lachy!D23 -> 0.35 | P23: =Pete!D23 -> 0.1 | Q23: =Rohan!D23 -> 0.3 | R23: =IF($E23=1,(LOG(F23,2)+1),IF($E23=0,(LOG(1-F23,2)+1),"")) -> -0.32192809 | S23: =IF($E23=1,(LOG(G23,2)+1),IF($E23=0,(LOG(1-G23,2)+1),"")) -> -1.3219281 | T23: =IF($E23=1,(LOG(H23,2)+1),IF($E23=0,(LOG(1-H23,2)+1),"")) -> 0.84799691 | U23: =IF($E23=1,(LOG(I23,2)+1),IF($E23=0,(LOG(1-I23,2)+1),"")) -> -0.73696559 | V23: =IF($E23=1,(LOG(J23,2)+1),IF($E23=0,(LOG(1-J23,2)+1),"")) -> 0.48542683 | W23: =IF($E23=1,(LOG(K23,2)+1),IF($E23=0,(LOG(1-K23,2)+1),"")) -> 0.48542683 | X23: =IF($E23=1,(LOG(L23,2)+1),IF($E23=0,(LOG(1-L23,2)+1),"")) -> -3.3219281 | Y23: =IF($E23=1,(LOG(M23,2)+1),IF($E23=0,(LOG(1-M23,2)+1),"")) -> 0.84799691 | ... AC23: =IF($E23=1,(LOG(Q23,2)+1),IF($E23=0,(LOG(1-Q23,2)+1),"")) -> -0.73696559 | AE23: =ABS((LOG(F23,2)-LOG(1-F23,2))+ABS(LOG(G23,2)-LOG(1-G23,2))+ABS(LOG(H23,2)-LOG(1-H23,2))+ABS(LOG(I23,2)-LOG(1-I23,2))+ABS(LOG(J23,2)-LOG(1-J23,2))+ABS(LOG(K23,2)-LOG(1-K23,2))+ABS(LOG(L23,2)-LOG(1-L23,2))+ABS(LOG(M23,2)-LOG(1-M23,2))+ABS(LOG(N23,2)-LOG(1-N23,2))+ABS(LOG(O23,2)-LOG(1-O23,2))+ABS(LOG(P23,2)-LOG(1-P23,2))+ABS(LOG(Q23,2)-LOG(1-Q23,2))) -> 24.125319 | AF23: =AVERAGE(F23:Q23) -> 0.48333333 | AG23: =VAR(F23,G23,H23,I23,J23,K23,L23,M23,N23,O23,P23,Q23) -> 0.1019697 | AH23: =IF(F23=MIN($F23:$Q23),LOG(1-F23,2)+1,IF(F23=MAX($F23:$Q23),LOG(F23,2)+1,"")) | AI23: =IF(G23=MIN($F23:$Q23),LOG(1-G23,2)+1,IF(G23=MAX($F23:$Q23),LOG(G23,2)+1,"")) | AJ23: =IF(H23=MIN($F23:$Q23),LOG(1-H23,2)+1,IF(H23=MAX($F23:$Q23),LOG(H23,2)+1,"")) -> 0.84799691 | AK23: =IF(I23=MIN($F23:$Q23),LOG(1-I23,2)+1,IF(I23=MAX($F23:$Q23),LOG(I23,2)+1,"")) | AL23: =IF(J23=MIN($F23:$Q23),LOG(1-J23,2)+1,IF(J23=MAX($F23:$Q23),LOG(J23,2)+1,"")) | AM23: =IF(K23=MIN($F23:$Q23),LOG(1-K23,2)+1,IF(K23=MAX($F23:$Q23),LOG(K23,2)+1,"")) | AN23: =IF(L23=MIN($F23:$Q23),LOG(1-L23,2)+1,IF(L23=MAX($F23:$Q23),LOG(L23,2)+1,"")) -> 0.92599942 | AO23: =IF(M23=MIN($F23:$Q23),LOG(1-M23,2)+1,IF(M23=MAX($F23:$Q23),LOG(M23,2)+1,"")) -> 0.84799691 | ... AS23: =IF(Q23=MIN($F23:$Q23),LOG(1-Q23,2)+1,IF(Q23=MAX($F23:$Q23),LOG(Q23,2)+1,"")) | AT23: =IF(F23=MIN($F23:$Q23),"Yes","") | AU23: =IF(G23=MIN($F23:$Q23),"Yes","") | AV23: =IF(H23=MIN($F23:$Q23),"Yes","") | AW23: =IF(I23=MIN($F23:$Q23),"Yes","") | AX23: =IF(J23=MIN($F23:$Q23),"Yes","") | AY23: =IF(K23=MIN($F23:$Q23),"Yes","") | AZ23: =IF(L23=MIN($F23:$Q23),"Yes","") -> Yes | BA23: =IF(M23=MIN($F23:$Q23),"Yes","") | ... BE23: =IF(Q23=MIN($F23:$Q23),"Yes","") | BF23: =IF(F23=MAX($F23:$Q23),"Yes","") | BG23: =IF(G23=MAX($F23:$Q23),"Yes","") | BH23: =IF(H23=MAX($F23:$Q23),"Yes","") -> Yes | BI23: =IF(I23=MAX($F23:$Q23),"Yes","") | BJ23: =IF(J23=MAX($F23:$Q23),"Yes","") | BK23: =IF(K23=MAX($F23:$Q23),"Yes","") | BL23: =IF(L23=MAX($F23:$Q23),"Yes","") | BM23: =IF(M23=MAX($F23:$Q23),"Yes","") -> Yes | ... BQ23: =IF(Q23=MAX($F23:$Q23),"Yes","") | BR23: =IF((F23-G23)>=0.5,"Yes",IF((G23-F23)>=0.5,"Yes","")) | BS23: =IF((L23-M23)>=0.5,"Yes",IF((M23-L23)>=0.5,"Yes","")) -> Yes | BW23: =IF(BR23="Yes",-G23,0) -> 0 | BX23: =IF(BR23="Yes",F23,0) -> 0 | BY23: =IF((BX23-BW23)>0.01,(BX23-BW23),"") | BZ23: =IF(BS23="Yes",-L23,0) -> -0.05 | CA23: =IF(BS23="Yes",M23,0) -> 0.9 | CB23: =IF((CA23-BZ23)>0.01,(CA23-BZ23),"") -> 0.95
A24: 23 | B24: Celebrities | C24: Ghislaine Maxwell will successfully strike a plea deal and reduce her aggregate sentence to no greater than 10 years with parole no greater than 5 years | D24: 44741 | E24: 0 | F24: =Andrew!D24 -> 0.45 | G24: =Bruce!D24 -> 0.7 | H24: =Christine!D24 -> 0.7 | I24: =Eileen!D24 -> 0.1 | J24: =Iain!D24 -> 0.9 | K24: =Gael!D24 -> 0.65 | L24: =Jac!D24 -> 0.2 | M24: =James!D24 -> 0.7 | N24: =Kate!D24 -> 0.1 | O24: =Lachy!D24 -> 0.65 | P24: =Pete!D24 -> 0.7 | Q24: =Rohan!D24 -> 0.5 | R24: =IF($E24=1,(LOG(F24,2)+1),IF($E24=0,(LOG(1-F24,2)+1),"")) -> 0.13750352 | S24: =IF($E24=1,(LOG(G24,2)+1),IF($E24=0,(LOG(1-G24,2)+1),"")) -> -0.73696559 | T24: =IF($E24=1,(LOG(H24,2)+1),IF($E24=0,(LOG(1-H24,2)+1),"")) -> -0.73696559 | U24: =IF($E24=1,(LOG(I24,2)+1),IF($E24=0,(LOG(1-I24,2)+1),"")) -> 0.84799691 | V24: =IF($E24=1,(LOG(J24,2)+1),IF($E24=0,(LOG(1-J24,2)+1),"")) -> -2.3219281 | W24: =IF($E24=1,(LOG(K24,2)+1),IF($E24=0,(LOG(1-K24,2)+1),"")) -> -0.51457317 | X24: =IF($E24=1,(LOG(L24,2)+1),IF($E24=0,(LOG(1-L24,2)+1),"")) -> 0.67807191 | Y24: =IF($E24=1,(LOG(M24,2)+1),IF($E24=0,(LOG(1-M24,2)+1),"")) -> -0.73696559 | ... AC24: =IF($E24=1,(LOG(Q24,2)+1),IF($E24=0,(LOG(1-Q24,2)+1),"")) -> 0 | AE24: =ABS((LOG(F24,2)-LOG(1-F24,2))+ABS(LOG(G24,2)-LOG(1-G24,2))+ABS(LOG(H24,2)-LOG(1-H24,2))+ABS(LOG(I24,2)-LOG(1-I24,2))+ABS(LOG(J24,2)-LOG(1-J24,2))+ABS(LOG(K24,2)-LOG(1-K24,2))+ABS(LOG(L24,2)-LOG(1-L24,2))+ABS(LOG(M24,2)-LOG(1-M24,2))+ABS(LOG(N24,2)-LOG(1-N24,2))+ABS(LOG(O24,2)-LOG(1-O24,2))+ABS(LOG(P24,2)-LOG(1-P24,2))+ABS(LOG(Q24,2)-LOG(1-Q24,2))) -> 17.896008 | AF24: =AVERAGE(F24:Q24) -> 0.52916667 | AG24: =VAR(F24,G24,H24,I24,J24,K24,L24,M24,N24,O24,P24,Q24) -> 0.069753788 | AT24: =IF(F24=MIN($F24:$Q24),"Yes","") | AU24: =IF(G24=MIN($F24:$Q24),"Yes","") | AV24: =IF(H24=MIN($F24:$Q24),"Yes","") | AW24: =IF(I24=MIN($F24:$Q24),"Yes","") -> Yes | AX24: =IF(J24=MIN($F24:$Q24),"Yes","") | AY24: =IF(K24=MIN($F24:$Q24),"Yes","") | AZ24: =IF(L24=MIN($F24:$Q24),"Yes","") | BA24: =IF(M24=MIN($F24:$Q24),"Yes","") | ... BE24: =IF(Q24=MIN($F24:$Q24),"Yes","") | BF24: =IF(F24=MAX($F24:$Q24),"Yes","") | BG24: =IF(G24=MAX($F24:$Q24),"Yes","") | BH24: =IF(H24=MAX($F24:$Q24),"Yes","") | BI24: =IF(I24=MAX($F24:$Q24),"Yes","") | BJ24: =IF(J24=MAX($F24:$Q24),"Yes","") -> Yes | BK24: =IF(K24=MAX($F24:$Q24),"Yes","") | BL24: =IF(L24=MAX($F24:$Q24),"Yes","") | BM24: =IF(M24=MAX($F24:$Q24),"Yes","") | ... BQ24: =IF(Q24=MAX($F24:$Q24),"Yes","") | BR24: =IF((F24-G24)>=0.5,"Yes",IF((G24-F24)>=0.5,"Yes","")) | BS24: =IF((L24-M24)>=0.5,"Yes",IF((M24-L24)>=0.5,"Yes","")) -> Yes | BW24: =IF(BR24="Yes",-G24,0) -> 0 | BX24: =IF(BR24="Yes",F24,0) -> 0 | BY24: =IF((BX24-BW24)>0.01,(BX24-BW24),"") | BZ24: =IF(BS24="Yes",-L24,0) -> -0.2 | CA24: =IF(BS24="Yes",M24,0) -> 0.7 | CB24: =IF((CA24-BZ24)>0.01,(CA24-BZ24),"") -> 0.9
A25: 24 | B25: Celebrities | C25: Formal criminal charges will be laid against Prince Andrew for sex offenses | E25: 0 | F25: =Andrew!D25 -> 0.6 | G25: =Bruce!D25 -> 0.2 | H25: =Christine!D25 -> 0.7 | I25: =Eileen!D25 -> 0.9 | J25: =Iain!D25 -> 0.1 | K25: =Gael!D25 -> 0.65 | L25: =Jac!D25 -> 0.15 | M25: =James!D25 -> 0.7 | N25: =Kate!D25 -> 0.2 | O25: =Lachy!D25 -> 0.15 | P25: =Pete!D25 -> 0.5 | Q25: =Rohan!D25 -> 0.5 | R25: =IF($E25=1,(LOG(F25,2)+1),IF($E25=0,(LOG(1-F25,2)+1),"")) -> -0.32192809 | S25: =IF($E25=1,(LOG(G25,2)+1),IF($E25=0,(LOG(1-G25,2)+1),"")) -> 0.67807191 | T25: =IF($E25=1,(LOG(H25,2)+1),IF($E25=0,(LOG(1-H25,2)+1),"")) -> -0.73696559 | U25: =IF($E25=1,(LOG(I25,2)+1),IF($E25=0,(LOG(1-I25,2)+1),"")) -> -2.3219281 | V25: =IF($E25=1,(LOG(J25,2)+1),IF($E25=0,(LOG(1-J25,2)+1),"")) -> 0.84799691 | W25: =IF($E25=1,(LOG(K25,2)+1),IF($E25=0,(LOG(1-K25,2)+1),"")) -> -0.51457317 | X25: =IF($E25=1,(LOG(L25,2)+1),IF($E25=0,(LOG(1-L25,2)+1),"")) -> 0.76553475 | Y25: =IF($E25=1,(LOG(M25,2)+1),IF($E25=0,(LOG(1-M25,2)+1),"")) -> -0.73696559 | ... AC25: =IF($E25=1,(LOG(Q25,2)+1),IF($E25=0,(LOG(1-Q25,2)+1),"")) -> 0 | AE25: =ABS((LOG(F25,2)-LOG(1-F25,2))+ABS(LOG(G25,2)-LOG(1-G25,2))+ABS(LOG(H25,2)-LOG(1-H25,2))+ABS(LOG(I25,2)-LOG(1-I25,2))+ABS(LOG(J25,2)-LOG(1-J25,2))+ABS(LOG(K25,2)-LOG(1-K25,2))+ABS(LOG(L25,2)-LOG(1-L25,2))+ABS(LOG(M25,2)-LOG(1-M25,2))+ABS(LOG(N25,2)-LOG(1-N25,2))+ABS(LOG(O25,2)-LOG(1-O25,2))+ABS(LOG(P25,2)-LOG(1-P25,2))+ABS(LOG(Q25,2)-LOG(1-Q25,2))) -> 19.267683 | AF25: =AVERAGE(F25:Q25) -> 0.44583333 | AG25: =VAR(F25,G25,H25,I25,J25,K25,L25,M25,N25,O25,P25,Q25) -> 0.074753788 | AH25: =IF(F25=MIN($F25:$Q25),LOG(1-F25,2)+1,IF(F25=MAX($F25:$Q25),LOG(F25,2)+1,"")) | AI25: =IF(G25=MIN($F25:$Q25),LOG(1-G25,2)+1,IF(G25=MAX($F25:$Q25),LOG(G25,2)+1,"")) | AJ25: =IF(H25=MIN($F25:$Q25),LOG(1-H25,2)+1,IF(H25=MAX($F25:$Q25),LOG(H25,2)+1,"")) | AK25: =IF(I25=MIN($F25:$Q25),LOG(1-I25,2)+1,IF(I25=MAX($F25:$Q25),LOG(I25,2)+1,"")) -> 0.84799691 | AL25: =IF(J25=MIN($F25:$Q25),LOG(1-J25,2)+1,IF(J25=MAX($F25:$Q25),LOG(J25,2)+1,"")) -> 0.84799691 | AM25: =IF(K25=MIN($F25:$Q25),LOG(1-K25,2)+1,IF(K25=MAX($F25:$Q25),LOG(K25,2)+1,"")) | AN25: =IF(L25=MIN($F25:$Q25),LOG(1-L25,2)+1,IF(L25=MAX($F25:$Q25),LOG(L25,2)+1,"")) | AO25: =IF(M25=MIN($F25:$Q25),LOG(1-M25,2)+1,IF(M25=MAX($F25:$Q25),LOG(M25,2)+1,"")) | ... AS25: =IF(Q25=MIN($F25:$Q25),LOG(1-Q25,2)+1,IF(Q25=MAX($F25:$Q25),LOG(Q25,2)+1,"")) | AT25: =IF(F25=MIN($F25:$Q25),"Yes","") | AU25: =IF(G25=MIN($F25:$Q25),"Yes","") | AV25: =IF(H25=MIN($F25:$Q25),"Yes","") | AW25: =IF(I25=MIN($F25:$Q25),"Yes","") | AX25: =IF(J25=MIN($F25:$Q25),"Yes","") -> Yes | AY25: =IF(K25=MIN($F25:$Q25),"Yes","") | AZ25: =IF(L25=MIN($F25:$Q25),"Yes","") | BA25: =IF(M25=MIN($F25:$Q25),"Yes","") | ... BE25: =IF(Q25=MIN($F25:$Q25),"Yes","") | BF25: =IF(F25=MAX($F25:$Q25),"Yes","") | BG25: =IF(G25=MAX($F25:$Q25),"Yes","") | BH25: =IF(H25=MAX($F25:$Q25),"Yes","") | BI25: =IF(I25=MAX($F25:$Q25),"Yes","") -> Yes | BJ25: =IF(J25=MAX($F25:$Q25),"Yes","") | BK25: =IF(K25=MAX($F25:$Q25),"Yes","") | BL25: =IF(L25=MAX($F25:$Q25),"Yes","") | BM25: =IF(M25=MAX($F25:$Q25),"Yes","") | ... BQ25: =IF(Q25=MAX($F25:$Q25),"Yes","") | BR25: =IF((F25-G25)>=0.5,"Yes",IF((G25-F25)>=0.5,"Yes","")) | BS25: =IF((L25-M25)>=0.5,"Yes",IF((M25-L25)>=0.5,"Yes","")) -> Yes | BW25: =IF(BR25="Yes",-G25,0) -> 0 | BX25: =IF(BR25="Yes",F25,0) -> 0 | BY25: =IF((BX25-BW25)>0.01,(BX25-BW25),"") | BZ25: =IF(BS25="Yes",-L25,0) -> -0.15 | CA25: =IF(BS25="Yes",M25,0) -> 0.7 | CB25: =IF((CA25-BZ25)>0.01,(CA25-BZ25),"") -> 0.85 | CC25: Yes
A26: 25 | B26: Celebrities | C26: Elizabeth Holmes will be sentenced to no greater than 15 years imprisonment | D26: 44884 | E26: 1 | F26: =Andrew!D26 -> 0.6 | G26: =Bruce!D26 -> 0.9 | H26: =Christine!D26 -> 0.8 | I26: =Eileen!D26 -> 0.5 | J26: =Iain!D26 -> 0.9 | K26: =Gael!D26 -> 0.7 | L26: =Jac!D26 -> 0.7 | M26: =James!D26 -> 0.8 | N26: =Kate!D26 -> 0.9 | O26: =Lachy!D26 -> 0.85 | P26: =Pete!D26 -> 0.5 | Q26: =Rohan!D26 -> 0.7 | R26: =IF($E26=1,(LOG(F26,2)+1),IF($E26=0,(LOG(1-F26,2)+1),"")) -> 0.26303441 | S26: =IF($E26=1,(LOG(G26,2)+1),IF($E26=0,(LOG(1-G26,2)+1),"")) -> 0.84799691 | T26: =IF($E26=1,(LOG(H26,2)+1),IF($E26=0,(LOG(1-H26,2)+1),"")) -> 0.67807191 | U26: =IF($E26=1,(LOG(I26,2)+1),IF($E26=0,(LOG(1-I26,2)+1),"")) -> 0 | V26: =IF($E26=1,(LOG(J26,2)+1),IF($E26=0,(LOG(1-J26,2)+1),"")) -> 0.84799691 | W26: =IF($E26=1,(LOG(K26,2)+1),IF($E26=0,(LOG(1-K26,2)+1),"")) -> 0.48542683 | X26: =IF($E26=1,(LOG(L26,2)+1),IF($E26=0,(LOG(1-L26,2)+1),"")) -> 0.48542683 | Y26: =IF($E26=1,(LOG(M26,2)+1),IF($E26=0,(LOG(1-M26,2)+1),"")) -> 0.67807191 | ... AC26: =IF($E26=1,(LOG(Q26,2)+1),IF($E26=0,(LOG(1-Q26,2)+1),"")) -> 0.48542683 | AE26: =ABS((LOG(F26,2)-LOG(1-F26,2))+ABS(LOG(G26,2)-LOG(1-G26,2))+ABS(LOG(H26,2)-LOG(1-H26,2))+ABS(LOG(I26,2)-LOG(1-I26,2))+ABS(LOG(J26,2)-LOG(1-J26,2))+ABS(LOG(K26,2)-LOG(1-K26,2))+ABS(LOG(L26,2)-LOG(1-L26,2))+ABS(LOG(M26,2)-LOG(1-M26,2))+ABS(LOG(N26,2)-LOG(1-N26,2))+ABS(LOG(O26,2)-LOG(1-O26,2))+ABS(LOG(P26,2)-LOG(1-P26,2))+ABS(LOG(Q26,2)-LOG(1-Q26,2))) -> 20.264415 | AF26: =AVERAGE(F26:Q26) -> 0.7375 | AG26: =VAR(F26,G26,H26,I26,J26,K26,L26,M26,N26,O26,P26,Q26) -> 0.021420455 | AT26: =IF(F26=MIN($F26:$Q26),"Yes","") | AU26: =IF(G26=MIN($F26:$Q26),"Yes","") | AV26: =IF(H26=MIN($F26:$Q26),"Yes","") | AW26: =IF(I26=MIN($F26:$Q26),"Yes","") -> Yes | AX26: =IF(J26=MIN($F26:$Q26),"Yes","") | AY26: =IF(K26=MIN($F26:$Q26),"Yes","") | AZ26: =IF(L26=MIN($F26:$Q26),"Yes","") | BA26: =IF(M26=MIN($F26:$Q26),"Yes","") | ... BE26: =IF(Q26=MIN($F26:$Q26),"Yes","") | BF26: =IF(F26=MAX($F26:$Q26),"Yes","") | BG26: =IF(G26=MAX($F26:$Q26),"Yes","") -> Yes | BH26: =IF(H26=MAX($F26:$Q26),"Yes","") | BI26: =IF(I26=MAX($F26:$Q26),"Yes","") | BJ26: =IF(J26=MAX($F26:$Q26),"Yes","") -> Yes | BK26: =IF(K26=MAX($F26:$Q26),"Yes","") | BL26: =IF(L26=MAX($F26:$Q26),"Yes","") | BM26: =IF(M26=MAX($F26:$Q26),"Yes","") | ... BQ26: =IF(Q26=MAX($F26:$Q26),"Yes","") | BR26: =IF((F26-G26)>=0.5,"Yes",IF((G26-F26)>=0.5,"Yes","")) | BS26: =IF((L26-M26)>=0.5,"Yes",IF((M26-L26)>=0.5,"Yes","")) | BW26: =IF(BR26="Yes",-G26,0) -> 0 | BX26: =IF(BR26="Yes",F26,0) -> 0 | BY26: =IF((BX26-BW26)>0.01,(BX26-BW26),"") | BZ26: =IF(BS26="Yes",-L26,0) -> 0 | CA26: =IF(BS26="Yes",M26,0) -> 0 | CB26: =IF((CA26-BZ26)>0.01,(CA26-BZ26),"")
A27: 26 | B27: Celebrities | C27: Meghan and Harry will separate | E27: 0 | F27: =Andrew!D27 -> 0.2 | G27: =Bruce!D27 -> 0.1 | H27: =Christine!D27 -> 0.2 | I27: =Eileen!D27 -> 0.1 | J27: =Iain!D27 -> 0.5 | K27: =Gael!D27 -> 0.2 | L27: =Jac!D27 -> 0.05 | M27: =James!D27 -> 0.2 | N27: =Kate!D27 -> 0.8 | O27: =Lachy!D27 -> 0.15 | P27: =Pete!D27 -> 0.1 | Q27: =Rohan!D27 -> 0.3 | R27: =IF($E27=1,(LOG(F27,2)+1),IF($E27=0,(LOG(1-F27,2)+1),"")) -> 0.67807191 | S27: =IF($E27=1,(LOG(G27,2)+1),IF($E27=0,(LOG(1-G27,2)+1),"")) -> 0.84799691 | T27: =IF($E27=1,(LOG(H27,2)+1),IF($E27=0,(LOG(1-H27,2)+1),"")) -> 0.67807191 | U27: =IF($E27=1,(LOG(I27,2)+1),IF($E27=0,(LOG(1-I27,2)+1),"")) -> 0.84799691 | V27: =IF($E27=1,(LOG(J27,2)+1),IF($E27=0,(LOG(1-J27,2)+1),"")) -> 0 | W27: =IF($E27=1,(LOG(K27,2)+1),IF($E27=0,(LOG(1-K27,2)+1),"")) -> 0.67807191 | X27: =IF($E27=1,(LOG(L27,2)+1),IF($E27=0,(LOG(1-L27,2)+1),"")) -> 0.92599942 | Y27: =IF($E27=1,(LOG(M27,2)+1),IF($E27=0,(LOG(1-M27,2)+1),"")) -> 0.67807191 | ... AC27: =IF($E27=1,(LOG(Q27,2)+1),IF($E27=0,(LOG(1-Q27,2)+1),"")) -> 0.48542683 | AE27: =ABS((LOG(F27,2)-LOG(1-F27,2))+ABS(LOG(G27,2)-LOG(1-G27,2))+ABS(LOG(H27,2)-LOG(1-H27,2))+ABS(LOG(I27,2)-LOG(1-I27,2))+ABS(LOG(J27,2)-LOG(1-J27,2))+ABS(LOG(K27,2)-LOG(1-K27,2))+ABS(LOG(L27,2)-LOG(1-L27,2))+ABS(LOG(M27,2)-LOG(1-M27,2))+ABS(LOG(N27,2)-LOG(1-N27,2))+ABS(LOG(O27,2)-LOG(1-O27,2))+ABS(LOG(P27,2)-LOG(1-P27,2))+ABS(LOG(Q27,2)-LOG(1-Q27,2))) -> 23.482595 | AF27: =AVERAGE(F27:Q27) -> 0.24166667 | AG27: =VAR(F27,G27,H27,I27,J27,K27,L27,M27,N27,O27,P27,Q27) -> 0.044924242 | AT27: =IF(F27=MIN($F27:$Q27),"Yes","") | AU27: =IF(G27=MIN($F27:$Q27),"Yes","") | AV27: =IF(H27=MIN($F27:$Q27),"Yes","") | AW27: =IF(I27=MIN($F27:$Q27),"Yes","") | AX27: =IF(J27=MIN($F27:$Q27),"Yes","") | AY27: =IF(K27=MIN($F27:$Q27),"Yes","") | AZ27: =IF(L27=MIN($F27:$Q27),"Yes","") -> Yes | BA27: =IF(M27=MIN($F27:$Q27),"Yes","") | ... BE27: =IF(Q27=MIN($F27:$Q27),"Yes","") | BF27: =IF(F27=MAX($F27:$Q27),"Yes","") | BG27: =IF(G27=MAX($F27:$Q27),"Yes","") | BH27: =IF(H27=MAX($F27:$Q27),"Yes","") | BI27: =IF(I27=MAX($F27:$Q27),"Yes","") | BJ27: =IF(J27=MAX($F27:$Q27),"Yes","") | BK27: =IF(K27=MAX($F27:$Q27),"Yes","") | BL27: =IF(L27=MAX($F27:$Q27),"Yes","") | BM27: =IF(M27=MAX($F27:$Q27),"Yes","") | ... BQ27: =IF(Q27=MAX($F27:$Q27),"Yes","") | BR27: =IF((F27-G27)>=0.5,"Yes",IF((G27-F27)>=0.5,"Yes","")) | BS27: =IF((L27-M27)>=0.5,"Yes",IF((M27-L27)>=0.5,"Yes","")) | BW27: =IF(BR27="Yes",-G27,0) -> 0 | BX27: =IF(BR27="Yes",F27,0) -> 0 | BY27: =IF((BX27-BW27)>0.01,(BX27-BW27),"") | BZ27: =IF(BS27="Yes",-L27,0) -> 0 | CA27: =IF(BS27="Yes",M27,0) -> 0 | CB27: =IF((CA27-BZ27)>0.01,(CA27-BZ27),"")
A28: 27 | B28: Celebrities | C28: Tom Holland and Zendaya will separate | E28: 0 | F28: =Andrew!D28 -> 0.6 | G28: =Bruce!D28 -> 0.6 | H28: =Christine!D28 -> 0.2 | I28: =Eileen!D28 -> 0.5 | J28: =Iain!D28 -> 0.4 | K28: =Gael!D28 -> 0.65 | L28: =Jac!D28 -> 0.2 | M28: =James!D28 -> 0.2 | N28: =Kate!D28 -> 0.9 | O28: =Lachy!D28 -> 0.5 | P28: =Pete!D28 -> 0.5 | Q28: =Rohan!D28 -> 0.4 | R28: =IF($E28=1,(LOG(F28,2)+1),IF($E28=0,(LOG(1-F28,2)+1),"")) -> -0.32192809 | S28: =IF($E28=1,(LOG(G28,2)+1),IF($E28=0,(LOG(1-G28,2)+1),"")) -> -0.32192809 | T28: =IF($E28=1,(LOG(H28,2)+1),IF($E28=0,(LOG(1-H28,2)+1),"")) -> 0.67807191 | U28: =IF($E28=1,(LOG(I28,2)+1),IF($E28=0,(LOG(1-I28,2)+1),"")) -> 0 | V28: =IF($E28=1,(LOG(J28,2)+1),IF($E28=0,(LOG(1-J28,2)+1),"")) -> 0.26303441 | W28: =IF($E28=1,(LOG(K28,2)+1),IF($E28=0,(LOG(1-K28,2)+1),"")) -> -0.51457317 | X28: =IF($E28=1,(LOG(L28,2)+1),IF($E28=0,(LOG(1-L28,2)+1),"")) -> 0.67807191 | Y28: =IF($E28=1,(LOG(M28,2)+1),IF($E28=0,(LOG(1-M28,2)+1),"")) -> 0.67807191 | ... AC28: =IF($E28=1,(LOG(Q28,2)+1),IF($E28=0,(LOG(1-Q28,2)+1),"")) -> 0.26303441 | AE28: =ABS((LOG(F28,2)-LOG(1-F28,2))+ABS(LOG(G28,2)-LOG(1-G28,2))+ABS(LOG(H28,2)-LOG(1-H28,2))+ABS(LOG(I28,2)-LOG(1-I28,2))+ABS(LOG(J28,2)-LOG(1-J28,2))+ABS(LOG(K28,2)-LOG(1-K28,2))+ABS(LOG(L28,2)-LOG(1-L28,2))+ABS(LOG(M28,2)-LOG(1-M28,2))+ABS(LOG(N28,2)-LOG(1-N28,2))+ABS(LOG(O28,2)-LOG(1-O28,2))+ABS(LOG(P28,2)-LOG(1-P28,2))+ABS(LOG(Q28,2)-LOG(1-Q28,2))) -> 12.40286 | AF28: =AVERAGE(F28:Q28) -> 0.47083333 | AG28: =VAR(F28,G28,H28,I28,J28,K28,L28,M28,N28,O28,P28,Q28) -> 0.043844697 | AT28: =IF(F28=MIN($F28:$Q28),"Yes","") | AU28: =IF(G28=MIN($F28:$Q28),"Yes","") | AV28: =IF(H28=MIN($F28:$Q28),"Yes","") -> Yes | AW28: =IF(I28=MIN($F28:$Q28),"Yes","") | AX28: =IF(J28=MIN($F28:$Q28),"Yes","") | AY28: =IF(K28=MIN($F28:$Q28),"Yes","") | AZ28: =IF(L28=MIN($F28:$Q28),"Yes","") -> Yes | BA28: =IF(M28=MIN($F28:$Q28),"Yes","") -> Yes | ... BE28: =IF(Q28=MIN($F28:$Q28),"Yes","") | BF28: =IF(F28=MAX($F28:$Q28),"Yes","") | BG28: =IF(G28=MAX($F28:$Q28),"Yes","") | BH28: =IF(H28=MAX($F28:$Q28),"Yes","") | BI28: =IF(I28=MAX($F28:$Q28),"Yes","") | BJ28: =IF(J28=MAX($F28:$Q28),"Yes","") | BK28: =IF(K28=MAX($F28:$Q28),"Yes","") | BL28: =IF(L28=MAX($F28:$Q28),"Yes","") | BM28: =IF(M28=MAX($F28:$Q28),"Yes","") | ... BQ28: =IF(Q28=MAX($F28:$Q28),"Yes","") | BR28: =IF((F28-G28)>=0.5,"Yes",IF((G28-F28)>=0.5,"Yes","")) | BS28: =IF((L28-M28)>=0.5,"Yes",IF((M28-L28)>=0.5,"Yes","")) | BW28: =IF(BR28="Yes",-G28,0) -> 0 | BX28: =IF(BR28="Yes",F28,0) -> 0 | BY28: =IF((BX28-BW28)>0.01,(BX28-BW28),"") | BZ28: =IF(BS28="Yes",-L28,0) -> 0 | CA28: =IF(BS28="Yes",M28,0) -> 0 | CB28: =IF((CA28-BZ28)>0.01,(CA28-BZ28),"") | CC28: No
A29: 28 | B29: Celebrities | C29: Donald Trump endorses on social media a movement that is called White Lives Matter | E29: 0 | F29: =Andrew!D29 -> 0.3 | G29: =Bruce!D29 -> 0.3 | H29: =Christine!D29 -> 0.8 | I29: =Eileen!D29 -> 0.1 | J29: =Iain!D29 -> 0.9 | K29: =Gael!D29 -> 0.45 | L29: =Jac!D29 -> 0.001 | M29: =James!D29 -> 0.8 | N29: =Kate!D29 -> 0.9 | O29: =Lachy!D29 -> 0.001 | P29: =Pete!D29 -> 0.1 | Q29: =Rohan!D29 -> 0.55 | R29: =IF($E29=1,(LOG(F29,2)+1),IF($E29=0,(LOG(1-F29,2)+1),"")) -> 0.48542683 | S29: =IF($E29=1,(LOG(G29,2)+1),IF($E29=0,(LOG(1-G29,2)+1),"")) -> 0.48542683 | T29: =IF($E29=1,(LOG(H29,2)+1),IF($E29=0,(LOG(1-H29,2)+1),"")) -> -1.3219281 | U29: =IF($E29=1,(LOG(I29,2)+1),IF($E29=0,(LOG(1-I29,2)+1),"")) -> 0.84799691 | V29: =IF($E29=1,(LOG(J29,2)+1),IF($E29=0,(LOG(1-J29,2)+1),"")) -> -2.3219281 | W29: =IF($E29=1,(LOG(K29,2)+1),IF($E29=0,(LOG(1-K29,2)+1),"")) -> 0.13750352 | X29: =IF($E29=1,(LOG(L29,2)+1),IF($E29=0,(LOG(1-L29,2)+1),"")) -> 0.99855658 | Y29: =IF($E29=1,(LOG(M29,2)+1),IF($E29=0,(LOG(1-M29,2)+1),"")) -> -1.3219281 | ... AC29: =IF($E29=1,(LOG(Q29,2)+1),IF($E29=0,(LOG(1-Q29,2)+1),"")) -> -0.15200309 | AE29: =ABS((LOG(F29,2)-LOG(1-F29,2))+ABS(LOG(G29,2)-LOG(1-G29,2))+ABS(LOG(H29,2)-LOG(1-H29,2))+ABS(LOG(I29,2)-LOG(1-I29,2))+ABS(LOG(J29,2)-LOG(1-J29,2))+ABS(LOG(K29,2)-LOG(1-K29,2))+ABS(LOG(L29,2)-LOG(1-L29,2))+ABS(LOG(M29,2)-LOG(1-M29,2))+ABS(LOG(N29,2)-LOG(1-N29,2))+ABS(LOG(O29,2)-LOG(1-O29,2))+ABS(LOG(P29,2)-LOG(1-P29,2))+ABS(LOG(Q29,2)-LOG(1-Q29,2))) -> 37.187395 | AF29: =AVERAGE(F29:Q29) -> 0.4335 | AG29: =VAR(F29,G29,H29,I29,J29,K29,L29,M29,N29,O29,P29,Q29) -> 0.12272136 | AH29: =IF(F29=MIN($F29:$Q29),LOG(1-F29,2)+1,IF(F29=MAX($F29:$Q29),LOG(F29,2)+1,"")) | AI29: =IF(G29=MIN($F29:$Q29),LOG(1-G29,2)+1,IF(G29=MAX($F29:$Q29),LOG(G29,2)+1,"")) | AJ29: =IF(H29=MIN($F29:$Q29),LOG(1-H29,2)+1,IF(H29=MAX($F29:$Q29),LOG(H29,2)+1,"")) | AK29: =IF(I29=MIN($F29:$Q29),LOG(1-I29,2)+1,IF(I29=MAX($F29:$Q29),LOG(I29,2)+1,"")) | AL29: =IF(J29=MIN($F29:$Q29),LOG(1-J29,2)+1,IF(J29=MAX($F29:$Q29),LOG(J29,2)+1,"")) -> 0.84799691 | AM29: =IF(K29=MIN($F29:$Q29),LOG(1-K29,2)+1,IF(K29=MAX($F29:$Q29),LOG(K29,2)+1,"")) | AN29: =IF(L29=MIN($F29:$Q29),LOG(1-L29,2)+1,IF(L29=MAX($F29:$Q29),LOG(L29,2)+1,"")) -> 0.99855658 | AO29: =IF(M29=MIN($F29:$Q29),LOG(1-M29,2)+1,IF(M29=MAX($F29:$Q29),LOG(M29,2)+1,"")) | ... AS29: =IF(Q29=MIN($F29:$Q29),LOG(1-Q29,2)+1,IF(Q29=MAX($F29:$Q29),LOG(Q29,2)+1,"")) | AT29: =IF(F29=MIN($F29:$Q29),"Yes","") | AU29: =IF(G29=MIN($F29:$Q29),"Yes","") | AV29: =IF(H29=MIN($F29:$Q29),"Yes","") | AW29: =IF(I29=MIN($F29:$Q29),"Yes","") | AX29: =IF(J29=MIN($F29:$Q29),"Yes","") | AY29: =IF(K29=MIN($F29:$Q29),"Yes","") | AZ29: =IF(L29=MIN($F29:$Q29),"Yes","") -> Yes | BA29: =IF(M29=MIN($F29:$Q29),"Yes","") | ... BE29: =IF(Q29=MIN($F29:$Q29),"Yes","") | BF29: =IF(F29=MAX($F29:$Q29),"Yes","") | BG29: =IF(G29=MAX($F29:$Q29),"Yes","") | BH29: =IF(H29=MAX($F29:$Q29),"Yes","") | BI29: =IF(I29=MAX($F29:$Q29),"Yes","") | BJ29: =IF(J29=MAX($F29:$Q29),"Yes","") -> Yes | BK29: =IF(K29=MAX($F29:$Q29),"Yes","") | BL29: =IF(L29=MAX($F29:$Q29),"Yes","") | BM29: =IF(M29=MAX($F29:$Q29),"Yes","") | ... BQ29: =IF(Q29=MAX($F29:$Q29),"Yes","") | BR29: =IF((F29-G29)>=0.5,"Yes",IF((G29-F29)>=0.5,"Yes","")) | BS29: =IF((L29-M29)>=0.5,"Yes",IF((M29-L29)>=0.5,"Yes","")) -> Yes | BW29: =IF(BR29="Yes",-G29,0) -> 0 | BX29: =IF(BR29="Yes",F29,0) -> 0 | BY29: =IF((BX29-BW29)>0.01,(BX29-BW29),"") | BZ29: =IF(BS29="Yes",-L29,0) -> -0.001 | CA29: =IF(BS29="Yes",M29,0) -> 0.8 | CB29: =IF((CA29-BZ29)>0.01,(CA29-BZ29),"") -> 0.801
A30: 29 | B30: Celebrities | C30: Britney Spears returns under conservatorship | E30: 0 | F30: =Andrew!D30 -> 0.1 | G30: =Bruce!D30 -> 0.1 | H30: =Christine!D30 -> 0.05 | I30: =Eileen!D30 -> 0.05 | J30: =Iain!D30 -> 0.1 | K30: =Gael!D30 -> 0 | L30: =Jac!D30 -> 0.05 | M30: =James!D30 -> 0.05 | N30: =Kate!D30 -> 0.1 | O30: =Lachy!D30 -> 0.001 | P30: =Pete!D30 -> 0.1 | Q30: =Rohan!D30 -> 0.5 | R30: =IF($E30=1,(LOG(F30,2)+1),IF($E30=0,(LOG(1-F30,2)+1),"")) -> 0.84799691 | S30: =IF($E30=1,(LOG(G30,2)+1),IF($E30=0,(LOG(1-G30,2)+1),"")) -> 0.84799691 | T30: =IF($E30=1,(LOG(H30,2)+1),IF($E30=0,(LOG(1-H30,2)+1),"")) -> 0.92599942 | U30: =IF($E30=1,(LOG(I30,2)+1),IF($E30=0,(LOG(1-I30,2)+1),"")) -> 0.92599942 | V30: =IF($E30=1,(LOG(J30,2)+1),IF($E30=0,(LOG(1-J30,2)+1),"")) -> 0.84799691 | W30: =IF($E30=1,(LOG(K30,2)+1),IF($E30=0,(LOG(1-K30,2)+1),"")) -> 1 | X30: =IF($E30=1,(LOG(L30,2)+1),IF($E30=0,(LOG(1-L30,2)+1),"")) -> 0.92599942 | Y30: =IF($E30=1,(LOG(M30,2)+1),IF($E30=0,(LOG(1-M30,2)+1),"")) -> 0.92599942 | ... AC30: =IF($E30=1,(LOG(Q30,2)+1),IF($E30=0,(LOG(1-Q30,2)+1),"")) -> 0 | AE30: =ABS((LOG(F30,2)-LOG(1-F30,2))+ABS(LOG(G30,2)-LOG(1-G30,2))+ABS(LOG(H30,2)-LOG(1-H30,2))+ABS(LOG(I30,2)-LOG(1-I30,2))+ABS(LOG(J30,2)-LOG(1-J30,2))+ABS(LOG(K30,2)-LOG(1-K30,2))+ABS(LOG(L30,2)-LOG(1-L30,2))+ABS(LOG(M30,2)-LOG(1-M30,2))+ABS(LOG(N30,2)-LOG(1-N30,2))+ABS(LOG(O30,2)-LOG(1-O30,2))+ABS(LOG(P30,2)-LOG(1-P30,2))+ABS(LOG(Q30,2)-LOG(1-Q30,2))) -> #NUM! | AF30: =AVERAGE(F30:Q30) -> 0.10008333 | AG30: =VAR(F30,G30,H30,I30,J30,K30,L30,M30,N30,O30,P30,Q30) -> 0.017254629 | AT30: =IF(F30=MIN($F30:$Q30),"Yes","") | AU30: =IF(G30=MIN($F30:$Q30),"Yes","") | AV30: =IF(H30=MIN($F30:$Q30),"Yes","") | AW30: =IF(I30=MIN($F30:$Q30),"Yes","") | AX30: =IF(J30=MIN($F30:$Q30),"Yes","") | AY30: =IF(K30=MIN($F30:$Q30),"Yes","") -> Yes | AZ30: =IF(L30=MIN($F30:$Q30),"Yes","") | BA30: =IF(M30=MIN($F30:$Q30),"Yes","") | ... BE30: =IF(Q30=MIN($F30:$Q30),"Yes","") | BF30: =IF(F30=MAX($F30:$Q30),"Yes","") | BG30: =IF(G30=MAX($F30:$Q30),"Yes","") | BH30: =IF(H30=MAX($F30:$Q30),"Yes","") | BI30: =IF(I30=MAX($F30:$Q30),"Yes","") | BJ30: =IF(J30=MAX($F30:$Q30),"Yes","") | BK30: =IF(K30=MAX($F30:$Q30),"Yes","") | BL30: =IF(L30=MAX($F30:$Q30),"Yes","") | BM30: =IF(M30=MAX($F30:$Q30),"Yes","") | ... BQ30: =IF(Q30=MAX($F30:$Q30),"Yes","") -> Yes | BR30: =IF((F30-G30)>=0.5,"Yes",IF((G30-F30)>=0.5,"Yes","")) | BS30: =IF((L30-M30)>=0.5,"Yes",IF((M30-L30)>=0.5,"Yes","")) | BW30: =IF(BR30="Yes",-G30,0) -> 0 | BX30: =IF(BR30="Yes",F30,0) -> 0 | BY30: =IF((BX30-BW30)>0.01,(BX30-BW30),"") | BZ30: =IF(BS30="Yes",-L30,0) -> 0 | CA30: =IF(BS30="Yes",M30,0) -> 0 | CB30: =IF((CA30-BZ30)>0.01,(CA30-BZ30),"")
A31: 30 | B31: Celebrities | C31: Taylor Swift and her partner separate, or announce they're expecting a child | E31: 0 | F31: =Andrew!D31 -> 0.4 | G31: =Bruce!D31 -> 0.3 | H31: =Christine!D31 -> 0.7 | I31: =Eileen!D31 -> 0.1 | J31: =Iain!D31 -> 0.7 | K31: =Gael!D31 -> 0.6 | L31: =Jac!D31 -> 0.1 | M31: =James!D31 -> 0.7 | N31: =Kate!D31 -> 0.9 | O31: =Lachy!D31 -> 0.15 | P31: =Pete!D31 -> 0.5 | Q31: =Rohan!D31 -> 0.2 | R31: =IF($E31=1,(LOG(F31,2)+1),IF($E31=0,(LOG(1-F31,2)+1),"")) -> 0.26303441 | S31: =IF($E31=1,(LOG(G31,2)+1),IF($E31=0,(LOG(1-G31,2)+1),"")) -> 0.48542683 | T31: =IF($E31=1,(LOG(H31,2)+1),IF($E31=0,(LOG(1-H31,2)+1),"")) -> -0.73696559 | U31: =IF($E31=1,(LOG(I31,2)+1),IF($E31=0,(LOG(1-I31,2)+1),"")) -> 0.84799691 | V31: =IF($E31=1,(LOG(J31,2)+1),IF($E31=0,(LOG(1-J31,2)+1),"")) -> -0.73696559 | W31: =IF($E31=1,(LOG(K31,2)+1),IF($E31=0,(LOG(1-K31,2)+1),"")) -> -0.32192809 | X31: =IF($E31=1,(LOG(L31,2)+1),IF($E31=0,(LOG(1-L31,2)+1),"")) -> 0.84799691 | Y31: =IF($E31=1,(LOG(M31,2)+1),IF($E31=0,(LOG(1-M31,2)+1),"")) -> -0.73696559 | ... AC31: =IF($E31=1,(LOG(Q31,2)+1),IF($E31=0,(LOG(1-Q31,2)+1),"")) -> 0.67807191 | AE31: =ABS((LOG(F31,2)-LOG(1-F31,2))+ABS(LOG(G31,2)-LOG(1-G31,2))+ABS(LOG(H31,2)-LOG(1-H31,2))+ABS(LOG(I31,2)-LOG(1-I31,2))+ABS(LOG(J31,2)-LOG(1-J31,2))+ABS(LOG(K31,2)-LOG(1-K31,2))+ABS(LOG(L31,2)-LOG(1-L31,2))+ABS(LOG(M31,2)-LOG(1-M31,2))+ABS(LOG(N31,2)-LOG(1-N31,2))+ABS(LOG(O31,2)-LOG(1-O31,2))+ABS(LOG(P31,2)-LOG(1-P31,2))+ABS(LOG(Q31,2)-LOG(1-Q31,2))) -> 18.901845 | AF31: =AVERAGE(F31:Q31) -> 0.44583333 | AG31: =VAR(F31,G31,H31,I31,J31,K31,L31,M31,N31,O31,P31,Q31) -> 0.076117424 | AT31: =IF(F31=MIN($F31:$Q31),"Yes","") | AU31: =IF(G31=MIN($F31:$Q31),"Yes","") | AV31: =IF(H31=MIN($F31:$Q31),"Yes","") | AW31: =IF(I31=MIN($F31:$Q31),"Yes","") -> Yes | AX31: =IF(J31=MIN($F31:$Q31),"Yes","") | AY31: =IF(K31=MIN($F31:$Q31),"Yes","") | AZ31: =IF(L31=MIN($F31:$Q31),"Yes","") -> Yes | BA31: =IF(M31=MIN($F31:$Q31),"Yes","") | ... BE31: =IF(Q31=MIN($F31:$Q31),"Yes","") | BF31: =IF(F31=MAX($F31:$Q31),"Yes","") | BG31: =IF(G31=MAX($F31:$Q31),"Yes","") | BH31: =IF(H31=MAX($F31:$Q31),"Yes","") | BI31: =IF(I31=MAX($F31:$Q31),"Yes","") | BJ31: =IF(J31=MAX($F31:$Q31),"Yes","") | BK31: =IF(K31=MAX($F31:$Q31),"Yes","") | BL31: =IF(L31=MAX($F31:$Q31),"Yes","") | BM31: =IF(M31=MAX($F31:$Q31),"Yes","") | ... BQ31: =IF(Q31=MAX($F31:$Q31),"Yes","") | BR31: =IF((F31-G31)>=0.5,"Yes",IF((G31-F31)>=0.5,"Yes","")) | BS31: =IF((L31-M31)>=0.5,"Yes",IF((M31-L31)>=0.5,"Yes","")) -> Yes | BW31: =IF(BR31="Yes",-G31,0) -> 0 | BX31: =IF(BR31="Yes",F31,0) -> 0 | BY31: =IF((BX31-BW31)>0.01,(BX31-BW31),"") | BZ31: =IF(BS31="Yes",-L31,0) -> -0.1 | CA31: =IF(BS31="Yes",M31,0) -> 0.7 | CB31: =IF((CA31-BZ31)>0.01,(CA31-BZ31),"") -> 0.8
A32: 31 | B32: Celebrities | C32: Aung San Suu Kyi dies or announces she has a terminal illness (terminal illness including cancer) | E32: 0 | F32: =Andrew!D32 -> 0.5 | G32: =Bruce!D32 -> 0.4 | H32: =Christine!D32 -> 0.5 | I32: =Eileen!D32 -> 0.2 | J32: =Iain!D32 -> 0.3 | K32: =Gael!D32 -> 0.45 | L32: =Jac!D32 -> 0.2 | M32: =James!D32 -> 0.5 | N32: =Kate!D32 -> 0.1 | O32: =Lachy!D32 -> 0.35 | P32: =Pete!D32 -> 0.1 | Q32: =Rohan!D32 -> 0.5 | R32: =IF($E32=1,(LOG(F32,2)+1),IF($E32=0,(LOG(1-F32,2)+1),"")) -> 0 | S32: =IF($E32=1,(LOG(G32,2)+1),IF($E32=0,(LOG(1-G32,2)+1),"")) -> 0.26303441 | T32: =IF($E32=1,(LOG(H32,2)+1),IF($E32=0,(LOG(1-H32,2)+1),"")) -> 0 | U32: =IF($E32=1,(LOG(I32,2)+1),IF($E32=0,(LOG(1-I32,2)+1),"")) -> 0.67807191 | V32: =IF($E32=1,(LOG(J32,2)+1),IF($E32=0,(LOG(1-J32,2)+1),"")) -> 0.48542683 | W32: =IF($E32=1,(LOG(K32,2)+1),IF($E32=0,(LOG(1-K32,2)+1),"")) -> 0.13750352 | X32: =IF($E32=1,(LOG(L32,2)+1),IF($E32=0,(LOG(1-L32,2)+1),"")) -> 0.67807191 | Y32: =IF($E32=1,(LOG(M32,2)+1),IF($E32=0,(LOG(1-M32,2)+1),"")) -> 0 | ... AC32: =IF($E32=1,(LOG(Q32,2)+1),IF($E32=0,(LOG(1-Q32,2)+1),"")) -> 0 | AE32: =ABS((LOG(F32,2)-LOG(1-F32,2))+ABS(LOG(G32,2)-LOG(1-G32,2))+ABS(LOG(H32,2)-LOG(1-H32,2))+ABS(LOG(I32,2)-LOG(1-I32,2))+ABS(LOG(J32,2)-LOG(1-J32,2))+ABS(LOG(K32,2)-LOG(1-K32,2))+ABS(LOG(L32,2)-LOG(1-L32,2))+ABS(LOG(M32,2)-LOG(1-M32,2))+ABS(LOG(N32,2)-LOG(1-N32,2))+ABS(LOG(O32,2)-LOG(1-O32,2))+ABS(LOG(P32,2)-LOG(1-P32,2))+ABS(LOG(Q32,2)-LOG(1-Q32,2))) -> 13.329796 | AF32: =AVERAGE(F32:Q32) -> 0.34166667 | AG32: =VAR(F32,G32,H32,I32,J32,K32,L32,M32,N32,O32,P32,Q32) -> 0.024924242 | AT32: =IF(F32=MIN($F32:$Q32),"Yes","") | AU32: =IF(G32=MIN($F32:$Q32),"Yes","") | AV32: =IF(H32=MIN($F32:$Q32),"Yes","") | AW32: =IF(I32=MIN($F32:$Q32),"Yes","") | AX32: =IF(J32=MIN($F32:$Q32),"Yes","") | AY32: =IF(K32=MIN($F32:$Q32),"Yes","") | AZ32: =IF(L32=MIN($F32:$Q32),"Yes","") | BA32: =IF(M32=MIN($F32:$Q32),"Yes","") | ... BE32: =IF(Q32=MIN($F32:$Q32),"Yes","") | BF32: =IF(F32=MAX($F32:$Q32),"Yes","") -> Yes | BG32: =IF(G32=MAX($F32:$Q32),"Yes","") | BH32: =IF(H32=MAX($F32:$Q32),"Yes","") -> Yes | BI32: =IF(I32=MAX($F32:$Q32),"Yes","") | BJ32: =IF(J32=MAX($F32:$Q32),"Yes","") | BK32: =IF(K32=MAX($F32:$Q32),"Yes","") | BL32: =IF(L32=MAX($F32:$Q32),"Yes","") | BM32: =IF(M32=MAX($F32:$Q32),"Yes","") -> Yes | ... BQ32: =IF(Q32=MAX($F32:$Q32),"Yes","") -> Yes | BR32: =IF((F32-G32)>=0.5,"Yes",IF((G32-F32)>=0.5,"Yes","")) | BS32: =IF((L32-M32)>=0.5,"Yes",IF((M32-L32)>=0.5,"Yes","")) | BW32: =IF(BR32="Yes",-G32,0) -> 0 | BX32: =IF(BR32="Yes",F32,0) -> 0 | BY32: =IF((BX32-BW32)>0.01,(BX32-BW32),"") | BZ32: =IF(BS32="Yes",-L32,0) -> 0 | CA32: =IF(BS32="Yes",M32,0) -> 0 | CB32: =IF((CA32-BZ32)>0.01,(CA32-BZ32),"")
A33: 32 | B33: Celebrities | C33: Henry Cavill marries | E33: 0 | F33: =Andrew!D33 -> 0.55 | G33: =Bruce!D33 -> 0.6 | H33: =Christine!D33 -> 0.1 | I33: =Eileen!D33 -> 0.2 | J33: =Iain!D33 -> 0.4 | K33: =Gael!D33 -> 0.5 | L33: =Jac!D33 -> 0.2 | M33: =James!D33 -> 0.1 | N33: =Kate!D33 -> 0.5 | O33: =Lachy!D33 -> 0.15 | P33: =Pete!D33 -> 0.5 | Q33: =Rohan!D33 -> 0.4 | R33: =IF($E33=1,(LOG(F33,2)+1),IF($E33=0,(LOG(1-F33,2)+1),"")) -> -0.15200309 | S33: =IF($E33=1,(LOG(G33,2)+1),IF($E33=0,(LOG(1-G33,2)+1),"")) -> -0.32192809 | T33: =IF($E33=1,(LOG(H33,2)+1),IF($E33=0,(LOG(1-H33,2)+1),"")) -> 0.84799691 | U33: =IF($E33=1,(LOG(I33,2)+1),IF($E33=0,(LOG(1-I33,2)+1),"")) -> 0.67807191 | V33: =IF($E33=1,(LOG(J33,2)+1),IF($E33=0,(LOG(1-J33,2)+1),"")) -> 0.26303441 | W33: =IF($E33=1,(LOG(K33,2)+1),IF($E33=0,(LOG(1-K33,2)+1),"")) -> 0 | X33: =IF($E33=1,(LOG(L33,2)+1),IF($E33=0,(LOG(1-L33,2)+1),"")) -> 0.67807191 | Y33: =IF($E33=1,(LOG(M33,2)+1),IF($E33=0,(LOG(1-M33,2)+1),"")) -> 0.84799691 | ... AC33: =IF($E33=1,(LOG(Q33,2)+1),IF($E33=0,(LOG(1-Q33,2)+1),"")) -> 0.26303441 | AE33: =ABS((LOG(F33,2)-LOG(1-F33,2))+ABS(LOG(G33,2)-LOG(1-G33,2))+ABS(LOG(H33,2)-LOG(1-H33,2))+ABS(LOG(I33,2)-LOG(1-I33,2))+ABS(LOG(J33,2)-LOG(1-J33,2))+ABS(LOG(K33,2)-LOG(1-K33,2))+ABS(LOG(L33,2)-LOG(1-L33,2))+ABS(LOG(M33,2)-LOG(1-M33,2))+ABS(LOG(N33,2)-LOG(1-N33,2))+ABS(LOG(O33,2)-LOG(1-O33,2))+ABS(LOG(P33,2)-LOG(1-P33,2))+ABS(LOG(Q33,2)-LOG(1-Q33,2))) -> 14.886744 | AF33: =AVERAGE(F33:Q33) -> 0.35 | AG33: =VAR(F33,G33,H33,I33,J33,K33,L33,M33,N33,O33,P33,Q33) -> 0.035 | AT33: =IF(F33=MIN($F33:$Q33),"Yes","") | AU33: =IF(G33=MIN($F33:$Q33),"Yes","") | AV33: =IF(H33=MIN($F33:$Q33),"Yes","") -> Yes | AW33: =IF(I33=MIN($F33:$Q33),"Yes","") | AX33: =IF(J33=MIN($F33:$Q33),"Yes","") | AY33: =IF(K33=MIN($F33:$Q33),"Yes","") | AZ33: =IF(L33=MIN($F33:$Q33),"Yes","") | BA33: =IF(M33=MIN($F33:$Q33),"Yes","") -> Yes | ... BE33: =IF(Q33=MIN($F33:$Q33),"Yes","") | BF33: =IF(F33=MAX($F33:$Q33),"Yes","") | BG33: =IF(G33=MAX($F33:$Q33),"Yes","") -> Yes | BH33: =IF(H33=MAX($F33:$Q33),"Yes","") | BI33: =IF(I33=MAX($F33:$Q33),"Yes","") | BJ33: =IF(J33=MAX($F33:$Q33),"Yes","") | BK33: =IF(K33=MAX($F33:$Q33),"Yes","") | BL33: =IF(L33=MAX($F33:$Q33),"Yes","") | BM33: =IF(M33=MAX($F33:$Q33),"Yes","") | ... BQ33: =IF(Q33=MAX($F33:$Q33),"Yes","") | BR33: =IF((F33-G33)>=0.5,"Yes",IF((G33-F33)>=0.5,"Yes","")) | BS33: =IF((L33-M33)>=0.5,"Yes",IF((M33-L33)>=0.5,"Yes","")) | BW33: =IF(BR33="Yes",-G33,0) -> 0 | BX33: =IF(BR33="Yes",F33,0) -> 0 | BY33: =IF((BX33-BW33)>0.01,(BX33-BW33),"") | BZ33: =IF(BS33="Yes",-L33,0) -> 0 | CA33: =IF(BS33="Yes",M33,0) -> 0 | CB33: =IF((CA33-BZ33)>0.01,(CA33-BZ33),"")
A34: 33 | B34: Covid | C34: Daily COVID cases in Australia will reach 150,000 at least once | E34: 0 | F34: =Andrew!D34 -> 0.1 | G34: =Bruce!D34 -> 0.2 | H34: =Christine!D34 -> 0.01 | I34: =Eileen!D34 -> 0.1 | J34: =Iain!D34 -> 0.9 | K34: =Gael!D34 -> 0.6 | L34: =Jac!D34 -> 0.05 | M34: =James!D34 -> 0.01 | N34: =Kate!D34 -> 0.4 | O34: =Lachy!D34 -> 0.15 | P34: =Pete!D34 -> 0.9 | Q34: =Rohan!D34 -> 0.9 | R34: =IF($E34=1,(LOG(F34,2)+1),IF($E34=0,(LOG(1-F34,2)+1),"")) -> 0.84799691 | S34: =IF($E34=1,(LOG(G34,2)+1),IF($E34=0,(LOG(1-G34,2)+1),"")) -> 0.67807191 | T34: =IF($E34=1,(LOG(H34,2)+1),IF($E34=0,(LOG(1-H34,2)+1),"")) -> 0.98550043 | U34: =IF($E34=1,(LOG(I34,2)+1),IF($E34=0,(LOG(1-I34,2)+1),"")) -> 0.84799691 | V34: =IF($E34=1,(LOG(J34,2)+1),IF($E34=0,(LOG(1-J34,2)+1),"")) -> -2.3219281 | W34: =IF($E34=1,(LOG(K34,2)+1),IF($E34=0,(LOG(1-K34,2)+1),"")) -> -0.32192809 | X34: =IF($E34=1,(LOG(L34,2)+1),IF($E34=0,(LOG(1-L34,2)+1),"")) -> 0.92599942 | Y34: =IF($E34=1,(LOG(M34,2)+1),IF($E34=0,(LOG(1-M34,2)+1),"")) -> 0.98550043 | ... AC34: =IF($E34=1,(LOG(Q34,2)+1),IF($E34=0,(LOG(1-Q34,2)+1),"")) -> -2.3219281 | AE34: =ABS((LOG(F34,2)-LOG(1-F34,2))+ABS(LOG(G34,2)-LOG(1-G34,2))+ABS(LOG(H34,2)-LOG(1-H34,2))+ABS(LOG(I34,2)-LOG(1-I34,2))+ABS(LOG(J34,2)-LOG(1-J34,2))+ABS(LOG(K34,2)-LOG(1-K34,2))+ABS(LOG(L34,2)-LOG(1-L34,2))+ABS(LOG(M34,2)-LOG(1-M34,2))+ABS(LOG(N34,2)-LOG(1-N34,2))+ABS(LOG(O34,2)-LOG(1-O34,2))+ABS(LOG(P34,2)-LOG(1-P34,2))+ABS(LOG(Q34,2)-LOG(1-Q34,2))) -> 32.688841 | AF34: =AVERAGE(F34:Q34) -> 0.36 | AG34: =VAR(F34,G34,H34,I34,J34,K34,L34,M34,N34,O34,P34,Q34) -> 0.13454545 | AH34: =IF(F34=MIN($F34:$Q34),LOG(1-F34,2)+1,IF(F34=MAX($F34:$Q34),LOG(F34,2)+1,"")) | AI34: =IF(G34=MIN($F34:$Q34),LOG(1-G34,2)+1,IF(G34=MAX($F34:$Q34),LOG(G34,2)+1,"")) | AJ34: =IF(H34=MIN($F34:$Q34),LOG(1-H34,2)+1,IF(H34=MAX($F34:$Q34),LOG(H34,2)+1,"")) -> 0.98550043 | AK34: =IF(I34=MIN($F34:$Q34),LOG(1-I34,2)+1,IF(I34=MAX($F34:$Q34),LOG(I34,2)+1,"")) | AL34: =IF(J34=MIN($F34:$Q34),LOG(1-J34,2)+1,IF(J34=MAX($F34:$Q34),LOG(J34,2)+1,"")) -> 0.84799691 | AM34: =IF(K34=MIN($F34:$Q34),LOG(1-K34,2)+1,IF(K34=MAX($F34:$Q34),LOG(K34,2)+1,"")) | AN34: =IF(L34=MIN($F34:$Q34),LOG(1-L34,2)+1,IF(L34=MAX($F34:$Q34),LOG(L34,2)+1,"")) | AO34: =IF(M34=MIN($F34:$Q34),LOG(1-M34,2)+1,IF(M34=MAX($F34:$Q34),LOG(M34,2)+1,"")) -> 0.98550043 | ... AS34: =IF(Q34=MIN($F34:$Q34),LOG(1-Q34,2)+1,IF(Q34=MAX($F34:$Q34),LOG(Q34,2)+1,"")) -> 0.84799691 | AT34: =IF(F34=MIN($F34:$Q34),"Yes","") | AU34: =IF(G34=MIN($F34:$Q34),"Yes","") | AV34: =IF(H34=MIN($F34:$Q34),"Yes","") -> Yes | AW34: =IF(I34=MIN($F34:$Q34),"Yes","") | AX34: =IF(J34=MIN($F34:$Q34),"Yes","") | AY34: =IF(K34=MIN($F34:$Q34),"Yes","") | AZ34: =IF(L34=MIN($F34:$Q34),"Yes","") | BA34: =IF(M34=MIN($F34:$Q34),"Yes","") -> Yes | ... BE34: =IF(Q34=MIN($F34:$Q34),"Yes","") | BF34: =IF(F34=MAX($F34:$Q34),"Yes","") | BG34: =IF(G34=MAX($F34:$Q34),"Yes","") | BH34: =IF(H34=MAX($F34:$Q34),"Yes","") | BI34: =IF(I34=MAX($F34:$Q34),"Yes","") | BJ34: =IF(J34=MAX($F34:$Q34),"Yes","") -> Yes | BK34: =IF(K34=MAX($F34:$Q34),"Yes","") | BL34: =IF(L34=MAX($F34:$Q34),"Yes","") | BM34: =IF(M34=MAX($F34:$Q34),"Yes","") | ... BQ34: =IF(Q34=MAX($F34:$Q34),"Yes","") -> Yes | BR34: =IF((F34-G34)>=0.5,"Yes",IF((G34-F34)>=0.5,"Yes","")) | BS34: =IF((L34-M34)>=0.5,"Yes",IF((M34-L34)>=0.5,"Yes","")) | BW34: =IF(BR34="Yes",-G34,0) -> 0 | BX34: =IF(BR34="Yes",F34,0) -> 0 | BY34: =IF((BX34-BW34)>0.01,(BX34-BW34),"") | BZ34: =IF(BS34="Yes",-L34,0) -> 0 | CA34: =IF(BS34="Yes",M34,0) -> 0 | CB34: =IF((CA34-BZ34)>0.01,(CA34-BZ34),"") | CC34: No
A35: 34 | B35: Covid | C35: More deaths will be attributed to Omicron by the WHO than all other covid variants combined | E35: 0 | F35: =Andrew!D35 -> 0.3 | G35: =Bruce!D35 -> 0.1 | H35: =Christine!D35 -> 0.8 | I35: =Eileen!D35 -> 0.1 | J35: =Iain!D35 -> 0.4 | K35: =Gael!D35 -> 0.75 | L35: =Jac!D35 -> 0.001 | M35: =James!D35 -> 0.8 | N35: =Kate!D35 -> 0.3 | O35: =Lachy!D35 -> 0.85 | P35: =Pete!D35 -> 0.5 | Q35: =Rohan!D35 -> 0.7 | R35: =IF($E35=1,(LOG(F35,2)+1),IF($E35=0,(LOG(1-F35,2)+1),"")) -> 0.48542683 | S35: =IF($E35=1,(LOG(G35,2)+1),IF($E35=0,(LOG(1-G35,2)+1),"")) -> 0.84799691 | T35: =IF($E35=1,(LOG(H35,2)+1),IF($E35=0,(LOG(1-H35,2)+1),"")) -> -1.3219281 | U35: =IF($E35=1,(LOG(I35,2)+1),IF($E35=0,(LOG(1-I35,2)+1),"")) -> 0.84799691 | V35: =IF($E35=1,(LOG(J35,2)+1),IF($E35=0,(LOG(1-J35,2)+1),"")) -> 0.26303441 | W35: =IF($E35=1,(LOG(K35,2)+1),IF($E35=0,(LOG(1-K35,2)+1),"")) -> -1 | X35: =IF($E35=1,(LOG(L35,2)+1),IF($E35=0,(LOG(1-L35,2)+1),"")) -> 0.99855658 | Y35: =IF($E35=1,(LOG(M35,2)+1),IF($E35=0,(LOG(1-M35,2)+1),"")) -> -1.3219281 | ... AC35: =IF($E35=1,(LOG(Q35,2)+1),IF($E35=0,(LOG(1-Q35,2)+1),"")) -> -0.73696559 | AE35: =ABS((LOG(F35,2)-LOG(1-F35,2))+ABS(LOG(G35,2)-LOG(1-G35,2))+ABS(LOG(H35,2)-LOG(1-H35,2))+ABS(LOG(I35,2)-LOG(1-I35,2))+ABS(LOG(J35,2)-LOG(1-J35,2))+ABS(LOG(K35,2)-LOG(1-K35,2))+ABS(LOG(L35,2)-LOG(1-L35,2))+ABS(LOG(M35,2)-LOG(1-M35,2))+ABS(LOG(N35,2)-LOG(1-N35,2))+ABS(LOG(O35,2)-LOG(1-O35,2))+ABS(LOG(P35,2)-LOG(1-P35,2))+ABS(LOG(Q35,2)-LOG(1-Q35,2))) -> 26.199009 | AF35: =AVERAGE(F35:Q35) -> 0.46675 | AG35: =VAR(F35,G35,H35,I35,J35,K35,L35,M35,N35,O35,P35,Q35) -> 0.095521295 | AH35: =IF(F35=MIN($F35:$Q35),LOG(1-F35,2)+1,IF(F35=MAX($F35:$Q35),LOG(F35,2)+1,"")) | AI35: =IF(G35=MIN($F35:$Q35),LOG(1-G35,2)+1,IF(G35=MAX($F35:$Q35),LOG(G35,2)+1,"")) | AJ35: =IF(H35=MIN($F35:$Q35),LOG(1-H35,2)+1,IF(H35=MAX($F35:$Q35),LOG(H35,2)+1,"")) | AK35: =IF(I35=MIN($F35:$Q35),LOG(1-I35,2)+1,IF(I35=MAX($F35:$Q35),LOG(I35,2)+1,"")) | AL35: =IF(J35=MIN($F35:$Q35),LOG(1-J35,2)+1,IF(J35=MAX($F35:$Q35),LOG(J35,2)+1,"")) | AM35: =IF(K35=MIN($F35:$Q35),LOG(1-K35,2)+1,IF(K35=MAX($F35:$Q35),LOG(K35,2)+1,"")) | AN35: =IF(L35=MIN($F35:$Q35),LOG(1-L35,2)+1,IF(L35=MAX($F35:$Q35),LOG(L35,2)+1,"")) -> 0.99855658 | AO35: =IF(M35=MIN($F35:$Q35),LOG(1-M35,2)+1,IF(M35=MAX($F35:$Q35),LOG(M35,2)+1,"")) | ... AS35: =IF(Q35=MIN($F35:$Q35),LOG(1-Q35,2)+1,IF(Q35=MAX($F35:$Q35),LOG(Q35,2)+1,"")) | AT35: =IF(F35=MIN($F35:$Q35),"Yes","") | AU35: =IF(G35=MIN($F35:$Q35),"Yes","") | AV35: =IF(H35=MIN($F35:$Q35),"Yes","") | AW35: =IF(I35=MIN($F35:$Q35),"Yes","") | AX35: =IF(J35=MIN($F35:$Q35),"Yes","") | AY35: =IF(K35=MIN($F35:$Q35),"Yes","") | AZ35: =IF(L35=MIN($F35:$Q35),"Yes","") -> Yes | BA35: =IF(M35=MIN($F35:$Q35),"Yes","") | ... BE35: =IF(Q35=MIN($F35:$Q35),"Yes","") | BF35: =IF(F35=MAX($F35:$Q35),"Yes","") | BG35: =IF(G35=MAX($F35:$Q35),"Yes","") | BH35: =IF(H35=MAX($F35:$Q35),"Yes","") | BI35: =IF(I35=MAX($F35:$Q35),"Yes","") | BJ35: =IF(J35=MAX($F35:$Q35),"Yes","") | BK35: =IF(K35=MAX($F35:$Q35),"Yes","") | BL35: =IF(L35=MAX($F35:$Q35),"Yes","") | BM35: =IF(M35=MAX($F35:$Q35),"Yes","") | ... BQ35: =IF(Q35=MAX($F35:$Q35),"Yes","") | BR35: =IF((F35-G35)>=0.5,"Yes",IF((G35-F35)>=0.5,"Yes","")) | BS35: =IF((L35-M35)>=0.5,"Yes",IF((M35-L35)>=0.5,"Yes","")) -> Yes | BW35: =IF(BR35="Yes",-G35,0) -> 0 | BX35: =IF(BR35="Yes",F35,0) -> 0 | BY35: =IF((BX35-BW35)>0.01,(BX35-BW35),"") | BZ35: =IF(BS35="Yes",-L35,0) -> -0.001 | CA35: =IF(BS35="Yes",M35,0) -> 0.8 | CB35: =IF((CA35-BZ35)>0.01,(CA35-BZ35),"") -> 0.801
A36: 35 | B36: Covid | C36: The average number of covid vaccinations per person amongst members of Xmas eve 2022 will be > 3 | E36: 1 | F36: =Andrew!D36 -> 0.8 | G36: =Bruce!D36 -> 0.9 | H36: =Christine!D36 -> 0.9 | I36: =Eileen!D36 -> 0.5 | J36: =Iain!D36 -> 0.4 | K36: =Gael!D36 -> 0.8 | L36: =Jac!D36 -> 0.999 | M36: =James!D36 -> 0.9 | N36: =Kate!D36 -> 0.9 | O36: =Lachy!D36 -> 0.85 | P36: =Pete!D36 -> 0.9 | Q36: =Rohan!D36 -> 0.4 | R36: =IF($E36=1,(LOG(F36,2)+1),IF($E36=0,(LOG(1-F36,2)+1),"")) -> 0.67807191 | S36: =IF($E36=1,(LOG(G36,2)+1),IF($E36=0,(LOG(1-G36,2)+1),"")) -> 0.84799691 | T36: =IF($E36=1,(LOG(H36,2)+1),IF($E36=0,(LOG(1-H36,2)+1),"")) -> 0.84799691 | U36: =IF($E36=1,(LOG(I36,2)+1),IF($E36=0,(LOG(1-I36,2)+1),"")) -> 0 | V36: =IF($E36=1,(LOG(J36,2)+1),IF($E36=0,(LOG(1-J36,2)+1),"")) -> -0.32192809 | W36: =IF($E36=1,(LOG(K36,2)+1),IF($E36=0,(LOG(1-K36,2)+1),"")) -> 0.67807191 | X36: =IF($E36=1,(LOG(L36,2)+1),IF($E36=0,(LOG(1-L36,2)+1),"")) -> 0.99855658 | Y36: =IF($E36=1,(LOG(M36,2)+1),IF($E36=0,(LOG(1-M36,2)+1),"")) -> 0.84799691 | ... AC36: =IF($E36=1,(LOG(Q36,2)+1),IF($E36=0,(LOG(1-Q36,2)+1),"")) -> -0.32192809 | AE36: =ABS((LOG(F36,2)-LOG(1-F36,2))+ABS(LOG(G36,2)-LOG(1-G36,2))+ABS(LOG(H36,2)-LOG(1-H36,2))+ABS(LOG(I36,2)-LOG(1-I36,2))+ABS(LOG(J36,2)-LOG(1-J36,2))+ABS(LOG(K36,2)-LOG(1-K36,2))+ABS(LOG(L36,2)-LOG(1-L36,2))+ABS(LOG(M36,2)-LOG(1-M36,2))+ABS(LOG(N36,2)-LOG(1-N36,2))+ABS(LOG(O36,2)-LOG(1-O36,2))+ABS(LOG(P36,2)-LOG(1-P36,2))+ABS(LOG(Q36,2)-LOG(1-Q36,2))) -> 33.486391 | AF36: =AVERAGE(F36:Q36) -> 0.77075 | AG36: =VAR(F36,G36,H36,I36,J36,K36,L36,M36,N36,O36,P36,Q36) -> 0.044712205 | AT36: =IF(F36=MIN($F36:$Q36),"Yes","") | AU36: =IF(G36=MIN($F36:$Q36),"Yes","") | AV36: =IF(H36=MIN($F36:$Q36),"Yes","") | AW36: =IF(I36=MIN($F36:$Q36),"Yes","") | AX36: =IF(J36=MIN($F36:$Q36),"Yes","") -> Yes | AY36: =IF(K36=MIN($F36:$Q36),"Yes","") | AZ36: =IF(L36=MIN($F36:$Q36),"Yes","") | BA36: =IF(M36=MIN($F36:$Q36),"Yes","") | ... BE36: =IF(Q36=MIN($F36:$Q36),"Yes","") -> Yes | BF36: =IF(F36=MAX($F36:$Q36),"Yes","") | BG36: =IF(G36=MAX($F36:$Q36),"Yes","") | BH36: =IF(H36=MAX($F36:$Q36),"Yes","") | BI36: =IF(I36=MAX($F36:$Q36),"Yes","") | BJ36: =IF(J36=MAX($F36:$Q36),"Yes","") | BK36: =IF(K36=MAX($F36:$Q36),"Yes","") | BL36: =IF(L36=MAX($F36:$Q36),"Yes","") -> Yes | BM36: =IF(M36=MAX($F36:$Q36),"Yes","") | ... BQ36: =IF(Q36=MAX($F36:$Q36),"Yes","") | BR36: =IF((F36-G36)>=0.5,"Yes",IF((G36-F36)>=0.5,"Yes","")) | BS36: =IF((L36-M36)>=0.5,"Yes",IF((M36-L36)>=0.5,"Yes","")) | BW36: =IF(BR36="Yes",-G36,0) -> 0 | BX36: =IF(BR36="Yes",F36,0) -> 0 | BY36: =IF((BX36-BW36)>0.01,(BX36-BW36),"") | BZ36: =IF(BS36="Yes",-L36,0) -> 0 | CA36: =IF(BS36="Yes",M36,0) -> 0 | CB36: =IF((CA36-BZ36)>0.01,(CA36-BZ36),"")
A37: 36 | B37: Covid | C37: 2 new variants of Covid will be invented/discovered during 2022 | E37: 0 | F37: =Andrew!D37 -> 0.3 | G37: =Bruce!D37 -> 0.3 | H37: =Christine!D37 -> 0.8 | I37: =Eileen!D37 -> 0.3 | J37: =Iain!D37 -> 0.9 | K37: =Gael!D37 -> 0.85 | L37: =Jac!D37 -> 0.001 | M37: =James!D37 -> 0.8 | N37: =Kate!D37 -> 0.9 | O37: =Lachy!D37 -> 0.35 | P37: =Pete!D37 -> 0.9 | Q37: =Rohan!D37 -> 0.4 | R37: =IF($E37=1,(LOG(F37,2)+1),IF($E37=0,(LOG(1-F37,2)+1),"")) -> 0.48542683 | S37: =IF($E37=1,(LOG(G37,2)+1),IF($E37=0,(LOG(1-G37,2)+1),"")) -> 0.48542683 | T37: =IF($E37=1,(LOG(H37,2)+1),IF($E37=0,(LOG(1-H37,2)+1),"")) -> -1.3219281 | U37: =IF($E37=1,(LOG(I37,2)+1),IF($E37=0,(LOG(1-I37,2)+1),"")) -> 0.48542683 | V37: =IF($E37=1,(LOG(J37,2)+1),IF($E37=0,(LOG(1-J37,2)+1),"")) -> -2.3219281 | W37: =IF($E37=1,(LOG(K37,2)+1),IF($E37=0,(LOG(1-K37,2)+1),"")) -> -1.7369656 | X37: =IF($E37=1,(LOG(L37,2)+1),IF($E37=0,(LOG(1-L37,2)+1),"")) -> 0.99855658 | Y37: =IF($E37=1,(LOG(M37,2)+1),IF($E37=0,(LOG(1-M37,2)+1),"")) -> -1.3219281 | ... AC37: =IF($E37=1,(LOG(Q37,2)+1),IF($E37=0,(LOG(1-Q37,2)+1),"")) -> 0.26303441 | AE37: =ABS((LOG(F37,2)-LOG(1-F37,2))+ABS(LOG(G37,2)-LOG(1-G37,2))+ABS(LOG(H37,2)-LOG(1-H37,2))+ABS(LOG(I37,2)-LOG(1-I37,2))+ABS(LOG(J37,2)-LOG(1-J37,2))+ABS(LOG(K37,2)-LOG(1-K37,2))+ABS(LOG(L37,2)-LOG(1-L37,2))+ABS(LOG(M37,2)-LOG(1-M37,2))+ABS(LOG(N37,2)-LOG(1-N37,2))+ABS(LOG(O37,2)-LOG(1-O37,2))+ABS(LOG(P37,2)-LOG(1-P37,2))+ABS(LOG(Q37,2)-LOG(1-Q37,2))) -> 28.677056 | AF37: =AVERAGE(F37:Q37) -> 0.56675 | AG37: =VAR(F37,G37,H37,I37,J37,K37,L37,M37,N37,O37,P37,Q37) -> 0.10277584 | AH37: =IF(F37=MIN($F37:$Q37),LOG(1-F37,2)+1,IF(F37=MAX($F37:$Q37),LOG(F37,2)+1,"")) | AI37: =IF(G37=MIN($F37:$Q37),LOG(1-G37,2)+1,IF(G37=MAX($F37:$Q37),LOG(G37,2)+1,"")) | AJ37: =IF(H37=MIN($F37:$Q37),LOG(1-H37,2)+1,IF(H37=MAX($F37:$Q37),LOG(H37,2)+1,"")) | AK37: =IF(I37=MIN($F37:$Q37),LOG(1-I37,2)+1,IF(I37=MAX($F37:$Q37),LOG(I37,2)+1,"")) | AL37: =IF(J37=MIN($F37:$Q37),LOG(1-J37,2)+1,IF(J37=MAX($F37:$Q37),LOG(J37,2)+1,"")) -> 0.84799691 | AM37: =IF(K37=MIN($F37:$Q37),LOG(1-K37,2)+1,IF(K37=MAX($F37:$Q37),LOG(K37,2)+1,"")) | AN37: =IF(L37=MIN($F37:$Q37),LOG(1-L37,2)+1,IF(L37=MAX($F37:$Q37),LOG(L37,2)+1,"")) -> 0.99855658 | AO37: =IF(M37=MIN($F37:$Q37),LOG(1-M37,2)+1,IF(M37=MAX($F37:$Q37),LOG(M37,2)+1,"")) | ... AS37: =IF(Q37=MIN($F37:$Q37),LOG(1-Q37,2)+1,IF(Q37=MAX($F37:$Q37),LOG(Q37,2)+1,"")) | AT37: =IF(F37=MIN($F37:$Q37),"Yes","") | AU37: =IF(G37=MIN($F37:$Q37),"Yes","") | AV37: =IF(H37=MIN($F37:$Q37),"Yes","") | AW37: =IF(I37=MIN($F37:$Q37),"Yes","") | AX37: =IF(J37=MIN($F37:$Q37),"Yes","") | AY37: =IF(K37=MIN($F37:$Q37),"Yes","") | AZ37: =IF(L37=MIN($F37:$Q37),"Yes","") -> Yes | BA37: =IF(M37=MIN($F37:$Q37),"Yes","") | ... BE37: =IF(Q37=MIN($F37:$Q37),"Yes","") | BF37: =IF(F37=MAX($F37:$Q37),"Yes","") | BG37: =IF(G37=MAX($F37:$Q37),"Yes","") | BH37: =IF(H37=MAX($F37:$Q37),"Yes","") | BI37: =IF(I37=MAX($F37:$Q37),"Yes","") | BJ37: =IF(J37=MAX($F37:$Q37),"Yes","") -> Yes | BK37: =IF(K37=MAX($F37:$Q37),"Yes","") | BL37: =IF(L37=MAX($F37:$Q37),"Yes","") | BM37: =IF(M37=MAX($F37:$Q37),"Yes","") | ... BQ37: =IF(Q37=MAX($F37:$Q37),"Yes","") | BR37: =IF((F37-G37)>=0.5,"Yes",IF((G37-F37)>=0.5,"Yes","")) | BS37: =IF((L37-M37)>=0.5,"Yes",IF((M37-L37)>=0.5,"Yes","")) -> Yes | BW37: =IF(BR37="Yes",-G37,0) -> 0 | BX37: =IF(BR37="Yes",F37,0) -> 0 | BY37: =IF((BX37-BW37)>0.01,(BX37-BW37),"") | BZ37: =IF(BS37="Yes",-L37,0) -> -0.001 | CA37: =IF(BS37="Yes",M37,0) -> 0.8 | CB37: =IF((CA37-BZ37)>0.01,(CA37-BZ37),"") -> 0.801
A38: 37 | B38: Covid | C38: Tasmania will have experienced at least 10,000 new cases in 1 day | E38: 0 | F38: =Andrew!D38 -> 0.15 | G38: =Bruce!D38 -> 0.1 | H38: =Christine!D38 -> 0.05 | I38: =Eileen!D38 -> 0.1 | J38: =Iain!D38 -> 0.3 | K38: =Gael!D38 -> 0.45 | L38: =Jac!D38 -> 0.001 | M38: =James!D38 -> 0.02 | N38: =Kate!D38 -> 0.1 | O38: =Lachy!D38 -> 0.001 | P38: =Pete!D38 -> 0.5 | Q38: =Rohan!D38 -> 0.55 | R38: =IF($E38=1,(LOG(F38,2)+1),IF($E38=0,(LOG(1-F38,2)+1),"")) -> 0.76553475 | S38: =IF($E38=1,(LOG(G38,2)+1),IF($E38=0,(LOG(1-G38,2)+1),"")) -> 0.84799691 | T38: =IF($E38=1,(LOG(H38,2)+1),IF($E38=0,(LOG(1-H38,2)+1),"")) -> 0.92599942 | U38: =IF($E38=1,(LOG(I38,2)+1),IF($E38=0,(LOG(1-I38,2)+1),"")) -> 0.84799691 | V38: =IF($E38=1,(LOG(J38,2)+1),IF($E38=0,(LOG(1-J38,2)+1),"")) -> 0.48542683 | W38: =IF($E38=1,(LOG(K38,2)+1),IF($E38=0,(LOG(1-K38,2)+1),"")) -> 0.13750352 | X38: =IF($E38=1,(LOG(L38,2)+1),IF($E38=0,(LOG(1-L38,2)+1),"")) -> 0.99855658 | Y38: =IF($E38=1,(LOG(M38,2)+1),IF($E38=0,(LOG(1-M38,2)+1),"")) -> 0.97085365 | ... AC38: =IF($E38=1,(LOG(Q38,2)+1),IF($E38=0,(LOG(1-Q38,2)+1),"")) -> -0.15200309 | AE38: =ABS((LOG(F38,2)-LOG(1-F38,2))+ABS(LOG(G38,2)-LOG(1-G38,2))+ABS(LOG(H38,2)-LOG(1-H38,2))+ABS(LOG(I38,2)-LOG(1-I38,2))+ABS(LOG(J38,2)-LOG(1-J38,2))+ABS(LOG(K38,2)-LOG(1-K38,2))+ABS(LOG(L38,2)-LOG(1-L38,2))+ABS(LOG(M38,2)-LOG(1-M38,2))+ABS(LOG(N38,2)-LOG(1-N38,2))+ABS(LOG(O38,2)-LOG(1-O38,2))+ABS(LOG(P38,2)-LOG(1-P38,2))+ABS(LOG(Q38,2)-LOG(1-Q38,2))) -> 38.599999 | AF38: =AVERAGE(F38:Q38) -> 0.1935 | AG38: =VAR(F38,G38,H38,I38,J38,K38,L38,M38,N38,O38,P38,Q38) -> 0.041008636 | AT38: =IF(F38=MIN($F38:$Q38),"Yes","") | AU38: =IF(G38=MIN($F38:$Q38),"Yes","") | AV38: =IF(H38=MIN($F38:$Q38),"Yes","") | AW38: =IF(I38=MIN($F38:$Q38),"Yes","") | AX38: =IF(J38=MIN($F38:$Q38),"Yes","") | AY38: =IF(K38=MIN($F38:$Q38),"Yes","") | AZ38: =IF(L38=MIN($F38:$Q38),"Yes","") -> Yes | BA38: =IF(M38=MIN($F38:$Q38),"Yes","") | ... BE38: =IF(Q38=MIN($F38:$Q38),"Yes","") | BF38: =IF(F38=MAX($F38:$Q38),"Yes","") | BG38: =IF(G38=MAX($F38:$Q38),"Yes","") | BH38: =IF(H38=MAX($F38:$Q38),"Yes","") | BI38: =IF(I38=MAX($F38:$Q38),"Yes","") | BJ38: =IF(J38=MAX($F38:$Q38),"Yes","") | BK38: =IF(K38=MAX($F38:$Q38),"Yes","") | BL38: =IF(L38=MAX($F38:$Q38),"Yes","") | BM38: =IF(M38=MAX($F38:$Q38),"Yes","") | ... BQ38: =IF(Q38=MAX($F38:$Q38),"Yes","") -> Yes | BR38: =IF((F38-G38)>=0.5,"Yes",IF((G38-F38)>=0.5,"Yes","")) | BS38: =IF((L38-M38)>=0.5,"Yes",IF((M38-L38)>=0.5,"Yes","")) | BW38: =IF(BR38="Yes",-G38,0) -> 0 | BX38: =IF(BR38="Yes",F38,0) -> 0 | BY38: =IF((BX38-BW38)>0.01,(BX38-BW38),"") | BZ38: =IF(BS38="Yes",-L38,0) -> 0 | CA38: =IF(BS38="Yes",M38,0) -> 0 | CB38: =IF((CA38-BZ38)>0.01,(CA38-BZ38),"") | CC38: No
A39: 38 | B39: Covid | C39: WHO switches to another alphabet than the Greek alphabet for Covid variants | E39: 0 | F39: =Andrew!D39 -> 0.45 | G39: =Bruce!D39 -> 0.8 | H39: =Christine!D39 -> 0.2 | I39: =Eileen!D39 -> 0.1 | J39: =Iain!D39 -> 0.5 | K39: =Gael!D39 -> 0.9 | L39: =Jac!D39 -> 0.5 | M39: =James!D39 -> 0.2 | N39: =Kate!D39 -> 0.9 | O39: =Lachy!D39 -> 0.15 | P39: =Pete!D39 -> 0.1 | Q39: =Rohan!D39 -> 0.35 | R39: =IF($E39=1,(LOG(F39,2)+1),IF($E39=0,(LOG(1-F39,2)+1),"")) -> 0.13750352 | S39: =IF($E39=1,(LOG(G39,2)+1),IF($E39=0,(LOG(1-G39,2)+1),"")) -> -1.3219281 | T39: =IF($E39=1,(LOG(H39,2)+1),IF($E39=0,(LOG(1-H39,2)+1),"")) -> 0.67807191 | U39: =IF($E39=1,(LOG(I39,2)+1),IF($E39=0,(LOG(1-I39,2)+1),"")) -> 0.84799691 | V39: =IF($E39=1,(LOG(J39,2)+1),IF($E39=0,(LOG(1-J39,2)+1),"")) -> 0 | W39: =IF($E39=1,(LOG(K39,2)+1),IF($E39=0,(LOG(1-K39,2)+1),"")) -> -2.3219281 | X39: =IF($E39=1,(LOG(L39,2)+1),IF($E39=0,(LOG(1-L39,2)+1),"")) -> 0 | Y39: =IF($E39=1,(LOG(M39,2)+1),IF($E39=0,(LOG(1-M39,2)+1),"")) -> 0.67807191 | ... AC39: =IF($E39=1,(LOG(Q39,2)+1),IF($E39=0,(LOG(1-Q39,2)+1),"")) -> 0.37851162 | AE39: =ABS((LOG(F39,2)-LOG(1-F39,2))+ABS(LOG(G39,2)-LOG(1-G39,2))+ABS(LOG(H39,2)-LOG(1-H39,2))+ABS(LOG(I39,2)-LOG(1-I39,2))+ABS(LOG(J39,2)-LOG(1-J39,2))+ABS(LOG(K39,2)-LOG(1-K39,2))+ABS(LOG(L39,2)-LOG(1-L39,2))+ABS(LOG(M39,2)-LOG(1-M39,2))+ABS(LOG(N39,2)-LOG(1-N39,2))+ABS(LOG(O39,2)-LOG(1-O39,2))+ABS(LOG(P39,2)-LOG(1-P39,2))+ABS(LOG(Q39,2)-LOG(1-Q39,2))) -> 21.785779 | AF39: =AVERAGE(F39:Q39) -> 0.42916667 | AG39: =VAR(F39,G39,H39,I39,J39,K39,L39,M39,N39,O39,P39,Q39) -> 0.090662879 | AH39: =IF(F39=MIN($F39:$Q39),LOG(1-F39,2)+1,IF(F39=MAX($F39:$Q39),LOG(F39,2)+1,"")) | AI39: =IF(G39=MIN($F39:$Q39),LOG(1-G39,2)+1,IF(G39=MAX($F39:$Q39),LOG(G39,2)+1,"")) | AJ39: =IF(H39=MIN($F39:$Q39),LOG(1-H39,2)+1,IF(H39=MAX($F39:$Q39),LOG(H39,2)+1,"")) | AK39: =IF(I39=MIN($F39:$Q39),LOG(1-I39,2)+1,IF(I39=MAX($F39:$Q39),LOG(I39,2)+1,"")) -> 0.84799691 | AL39: =IF(J39=MIN($F39:$Q39),LOG(1-J39,2)+1,IF(J39=MAX($F39:$Q39),LOG(J39,2)+1,"")) | AM39: =IF(K39=MIN($F39:$Q39),LOG(1-K39,2)+1,IF(K39=MAX($F39:$Q39),LOG(K39,2)+1,"")) -> 0.84799691 | AN39: =IF(L39=MIN($F39:$Q39),LOG(1-L39,2)+1,IF(L39=MAX($F39:$Q39),LOG(L39,2)+1,"")) | AO39: =IF(M39=MIN($F39:$Q39),LOG(1-M39,2)+1,IF(M39=MAX($F39:$Q39),LOG(M39,2)+1,"")) | ... AS39: =IF(Q39=MIN($F39:$Q39),LOG(1-Q39,2)+1,IF(Q39=MAX($F39:$Q39),LOG(Q39,2)+1,"")) | AT39: =IF(F39=MIN($F39:$Q39),"Yes","") | AU39: =IF(G39=MIN($F39:$Q39),"Yes","") | AV39: =IF(H39=MIN($F39:$Q39),"Yes","") | AW39: =IF(I39=MIN($F39:$Q39),"Yes","") -> Yes | AX39: =IF(J39=MIN($F39:$Q39),"Yes","") | AY39: =IF(K39=MIN($F39:$Q39),"Yes","") | AZ39: =IF(L39=MIN($F39:$Q39),"Yes","") | BA39: =IF(M39=MIN($F39:$Q39),"Yes","") | ... BE39: =IF(Q39=MIN($F39:$Q39),"Yes","") | BF39: =IF(F39=MAX($F39:$Q39),"Yes","") | BG39: =IF(G39=MAX($F39:$Q39),"Yes","") | BH39: =IF(H39=MAX($F39:$Q39),"Yes","") | BI39: =IF(I39=MAX($F39:$Q39),"Yes","") | BJ39: =IF(J39=MAX($F39:$Q39),"Yes","") | BK39: =IF(K39=MAX($F39:$Q39),"Yes","") -> Yes | BL39: =IF(L39=MAX($F39:$Q39),"Yes","") | BM39: =IF(M39=MAX($F39:$Q39),"Yes","") | ... BQ39: =IF(Q39=MAX($F39:$Q39),"Yes","") | BR39: =IF((F39-G39)>=0.5,"Yes",IF((G39-F39)>=0.5,"Yes","")) | BS39: =IF((L39-M39)>=0.5,"Yes",IF((M39-L39)>=0.5,"Yes","")) | BW39: =IF(BR39="Yes",-G39,0) -> 0 | BX39: =IF(BR39="Yes",F39,0) -> 0 | BY39: =IF((BX39-BW39)>0.01,(BX39-BW39),"") | BZ39: =IF(BS39="Yes",-L39,0) -> 0 | CA39: =IF(BS39="Yes",M39,0) -> 0 | CB39: =IF((CA39-BZ39)>0.01,(CA39-BZ39),"")
A40: 39 | B40: Family | C40: Lachy and Jac's extension will be completed | E40: 0 | F40: =Andrew!D40 -> 0.7 | G40: =Bruce!D40 -> 0.8 | H40: =Christine!D40 -> 0.1 | I40: =Eileen!D40 -> 0.5 | J40: =Iain!D40 -> 0.8 | K40: =Gael!D40 -> 0.4 | L40: =Jac!D40 -> 0.5 | M40: =James!D40 -> 0 | N40: =Kate!D40 -> 0.9 | O40: =Lachy!D40 -> 0.85 | P40: =Pete!D40 -> 0.5 | Q40: =Rohan!D40 -> 0.15 | R40: =IF($E40=1,(LOG(F40,2)+1),IF($E40=0,(LOG(1-F40,2)+1),"")) -> -0.73696559 | S40: =IF($E40=1,(LOG(G40,2)+1),IF($E40=0,(LOG(1-G40,2)+1),"")) -> -1.3219281 | T40: =IF($E40=1,(LOG(H40,2)+1),IF($E40=0,(LOG(1-H40,2)+1),"")) -> 0.84799691 | U40: =IF($E40=1,(LOG(I40,2)+1),IF($E40=0,(LOG(1-I40,2)+1),"")) -> 0 | V40: =IF($E40=1,(LOG(J40,2)+1),IF($E40=0,(LOG(1-J40,2)+1),"")) -> -1.3219281 | W40: =IF($E40=1,(LOG(K40,2)+1),IF($E40=0,(LOG(1-K40,2)+1),"")) -> 0.26303441 | X40: =IF($E40=1,(LOG(L40,2)+1),IF($E40=0,(LOG(1-L40,2)+1),"")) -> 0 | Y40: =IF($E40=1,(LOG(M40,2)+1),IF($E40=0,(LOG(1-M40,2)+1),"")) -> 1 | ... AC40: =IF($E40=1,(LOG(Q40,2)+1),IF($E40=0,(LOG(1-Q40,2)+1),"")) -> 0.76553475 | AE40: =ABS((LOG(F40,2)-LOG(1-F40,2))+ABS(LOG(G40,2)-LOG(1-G40,2))+ABS(LOG(H40,2)-LOG(1-H40,2))+ABS(LOG(I40,2)-LOG(1-I40,2))+ABS(LOG(J40,2)-LOG(1-J40,2))+ABS(LOG(K40,2)-LOG(1-K40,2))+ABS(LOG(L40,2)-LOG(1-L40,2))+ABS(LOG(M40,2)-LOG(1-M40,2))+ABS(LOG(N40,2)-LOG(1-N40,2))+ABS(LOG(O40,2)-LOG(1-O40,2))+ABS(LOG(P40,2)-LOG(1-P40,2))+ABS(LOG(Q40,2)-LOG(1-Q40,2))) -> #NUM! | AF40: =AVERAGE(F40:Q40) -> 0.51666667 | AG40: =VAR(F40,G40,H40,I40,J40,K40,L40,M40,N40,O40,P40,Q40) -> 0.09469697 | AH40: =IF(F40=MIN($F40:$Q40),LOG(1-F40,2)+1,IF(F40=MAX($F40:$Q40),LOG(F40,2)+1,"")) | AI40: =IF(G40=MIN($F40:$Q40),LOG(1-G40,2)+1,IF(G40=MAX($F40:$Q40),LOG(G40,2)+1,"")) | AJ40: =IF(H40=MIN($F40:$Q40),LOG(1-H40,2)+1,IF(H40=MAX($F40:$Q40),LOG(H40,2)+1,"")) | AK40: =IF(I40=MIN($F40:$Q40),LOG(1-I40,2)+1,IF(I40=MAX($F40:$Q40),LOG(I40,2)+1,"")) | AL40: =IF(J40=MIN($F40:$Q40),LOG(1-J40,2)+1,IF(J40=MAX($F40:$Q40),LOG(J40,2)+1,"")) | AM40: =IF(K40=MIN($F40:$Q40),LOG(1-K40,2)+1,IF(K40=MAX($F40:$Q40),LOG(K40,2)+1,"")) | AN40: =IF(L40=MIN($F40:$Q40),LOG(1-L40,2)+1,IF(L40=MAX($F40:$Q40),LOG(L40,2)+1,"")) | AO40: =IF(M40=MIN($F40:$Q40),LOG(1-M40,2)+1,IF(M40=MAX($F40:$Q40),LOG(M40,2)+1,"")) -> 1 | ... AS40: =IF(Q40=MIN($F40:$Q40),LOG(1-Q40,2)+1,IF(Q40=MAX($F40:$Q40),LOG(Q40,2)+1,"")) | AT40: =IF(F40=MIN($F40:$Q40),"Yes","") | AU40: =IF(G40=MIN($F40:$Q40),"Yes","") | AV40: =IF(H40=MIN($F40:$Q40),"Yes","") | AW40: =IF(I40=MIN($F40:$Q40),"Yes","") | AX40: =IF(J40=MIN($F40:$Q40),"Yes","") | AY40: =IF(K40=MIN($F40:$Q40),"Yes","") | AZ40: =IF(L40=MIN($F40:$Q40),"Yes","") | BA40: =IF(M40=MIN($F40:$Q40),"Yes","") -> Yes | ... BE40: =IF(Q40=MIN($F40:$Q40),"Yes","") | BF40: =IF(F40=MAX($F40:$Q40),"Yes","") | BG40: =IF(G40=MAX($F40:$Q40),"Yes","") | BH40: =IF(H40=MAX($F40:$Q40),"Yes","") | BI40: =IF(I40=MAX($F40:$Q40),"Yes","") | BJ40: =IF(J40=MAX($F40:$Q40),"Yes","") | BK40: =IF(K40=MAX($F40:$Q40),"Yes","") | BL40: =IF(L40=MAX($F40:$Q40),"Yes","") | BM40: =IF(M40=MAX($F40:$Q40),"Yes","") | ... BQ40: =IF(Q40=MAX($F40:$Q40),"Yes","") | BR40: =IF((F40-G40)>=0.5,"Yes",IF((G40-F40)>=0.5,"Yes","")) | BS40: =IF((L40-M40)>=0.5,"Yes",IF((M40-L40)>=0.5,"Yes","")) -> Yes | BW40: =IF(BR40="Yes",-G40,0) -> 0 | BX40: =IF(BR40="Yes",F40,0) -> 0 | BY40: =IF((BX40-BW40)>0.01,(BX40-BW40),"") | BZ40: =IF(BS40="Yes",-L40,0) -> -0.5 | CA40: =IF(BS40="Yes",M40,0) -> 0 | CB40: =IF((CA40-BZ40)>0.01,(CA40-BZ40),"") -> 0.5 | CC40: Yes
A41: 40 | B41: Family | C41: Rohan will work for two different employers (not his own family members) | E41: 0 | F41: =Andrew!D41 -> 0.4 | G41: =Bruce!D41 -> 0.6 | H41: =Christine!D41 -> 0.1 | I41: =Eileen!D41 -> 0.3 | J41: =Iain!D41 -> 0.5 | K41: =Gael!D41 -> 0.3 | L41: =Jac!D41 -> 0.3 | M41: =James!D41 -> 0.1 | N41: =Kate!D41 -> 0.6 | O41: =Lachy!D41 -> 0.15 | P41: =Pete!D41 -> 0.5 | Q41: =Rohan!D41 -> 0.3 | R41: =IF($E41=1,(LOG(F41,2)+1),IF($E41=0,(LOG(1-F41,2)+1),"")) -> 0.26303441 | S41: =IF($E41=1,(LOG(G41,2)+1),IF($E41=0,(LOG(1-G41,2)+1),"")) -> -0.32192809 | T41: =IF($E41=1,(LOG(H41,2)+1),IF($E41=0,(LOG(1-H41,2)+1),"")) -> 0.84799691 | U41: =IF($E41=1,(LOG(I41,2)+1),IF($E41=0,(LOG(1-I41,2)+1),"")) -> 0.48542683 | V41: =IF($E41=1,(LOG(J41,2)+1),IF($E41=0,(LOG(1-J41,2)+1),"")) -> 0 | W41: =IF($E41=1,(LOG(K41,2)+1),IF($E41=0,(LOG(1-K41,2)+1),"")) -> 0.48542683 | X41: =IF($E41=1,(LOG(L41,2)+1),IF($E41=0,(LOG(1-L41,2)+1),"")) -> 0.48542683 | Y41: =IF($E41=1,(LOG(M41,2)+1),IF($E41=0,(LOG(1-M41,2)+1),"")) -> 0.84799691 | ... AC41: =IF($E41=1,(LOG(Q41,2)+1),IF($E41=0,(LOG(1-Q41,2)+1),"")) -> 0.48542683 | AE41: =ABS((LOG(F41,2)-LOG(1-F41,2))+ABS(LOG(G41,2)-LOG(1-G41,2))+ABS(LOG(H41,2)-LOG(1-H41,2))+ABS(LOG(I41,2)-LOG(1-I41,2))+ABS(LOG(J41,2)-LOG(1-J41,2))+ABS(LOG(K41,2)-LOG(1-K41,2))+ABS(LOG(L41,2)-LOG(1-L41,2))+ABS(LOG(M41,2)-LOG(1-M41,2))+ABS(LOG(N41,2)-LOG(1-N41,2))+ABS(LOG(O41,2)-LOG(1-O41,2))+ABS(LOG(P41,2)-LOG(1-P41,2))+ABS(LOG(Q41,2)-LOG(1-Q41,2))) -> 14.316883 | AF41: =AVERAGE(F41:Q41) -> 0.34583333 | AG41: =VAR(F41,G41,H41,I41,J41,K41,L41,M41,N41,O41,P41,Q41) -> 0.03157197 | AT41: =IF(F41=MIN($F41:$Q41),"Yes","") | AU41: =IF(G41=MIN($F41:$Q41),"Yes","") | AV41: =IF(H41=MIN($F41:$Q41),"Yes","") -> Yes | AW41: =IF(I41=MIN($F41:$Q41),"Yes","") | AX41: =IF(J41=MIN($F41:$Q41),"Yes","") | AY41: =IF(K41=MIN($F41:$Q41),"Yes","") | AZ41: =IF(L41=MIN($F41:$Q41),"Yes","") | BA41: =IF(M41=MIN($F41:$Q41),"Yes","") -> Yes | ... BE41: =IF(Q41=MIN($F41:$Q41),"Yes","") | BF41: =IF(F41=MAX($F41:$Q41),"Yes","") | BG41: =IF(G41=MAX($F41:$Q41),"Yes","") -> Yes | BH41: =IF(H41=MAX($F41:$Q41),"Yes","") | BI41: =IF(I41=MAX($F41:$Q41),"Yes","") | BJ41: =IF(J41=MAX($F41:$Q41),"Yes","") | BK41: =IF(K41=MAX($F41:$Q41),"Yes","") | BL41: =IF(L41=MAX($F41:$Q41),"Yes","") | BM41: =IF(M41=MAX($F41:$Q41),"Yes","") | ... BQ41: =IF(Q41=MAX($F41:$Q41),"Yes","") | BR41: =IF((F41-G41)>=0.5,"Yes",IF((G41-F41)>=0.5,"Yes","")) | BS41: =IF((L41-M41)>=0.5,"Yes",IF((M41-L41)>=0.5,"Yes","")) | BW41: =IF(BR41="Yes",-G41,0) -> 0 | BX41: =IF(BR41="Yes",F41,0) -> 0 | BY41: =IF((BX41-BW41)>0.01,(BX41-BW41),"") | BZ41: =IF(BS41="Yes",-L41,0) -> 0 | CA41: =IF(BS41="Yes",M41,0) -> 0 | CB41: =IF((CA41-BZ41)>0.01,(CA41-BZ41),"")
A42: 41 | B42: Family | C42: Kate will swim the Broulee Bay to Breakers in March 2022 and improve her position from 9th in the 40s women’s age group | D42: 44633 | E42: 1 | F42: =Andrew!D42 -> 0.6 | G42: =Bruce!D42 -> 0.8 | H42: =Christine!D42 -> 0.9 | I42: =Eileen!D42 -> 0.5 | J42: =Iain!D42 -> 0.9 | K42: =Gael!D42 -> 0.7 | L42: =Jac!D42 -> 0.6 | M42: =James!D42 -> 0.9 | N42: =Kate!D42 -> 0.2 | O42: =Lachy!D42 -> 0.85 | P42: =Pete!D42 -> 0.9 | Q42: =Rohan!D42 -> 0.5 | R42: =IF($E42=1,(LOG(F42,2)+1),IF($E42=0,(LOG(1-F42,2)+1),"")) -> 0.26303441 | S42: =IF($E42=1,(LOG(G42,2)+1),IF($E42=0,(LOG(1-G42,2)+1),"")) -> 0.67807191 | T42: =IF($E42=1,(LOG(H42,2)+1),IF($E42=0,(LOG(1-H42,2)+1),"")) -> 0.84799691 | U42: =IF($E42=1,(LOG(I42,2)+1),IF($E42=0,(LOG(1-I42,2)+1),"")) -> 0 | V42: =IF($E42=1,(LOG(J42,2)+1),IF($E42=0,(LOG(1-J42,2)+1),"")) -> 0.84799691 | W42: =IF($E42=1,(LOG(K42,2)+1),IF($E42=0,(LOG(1-K42,2)+1),"")) -> 0.48542683 | X42: =IF($E42=1,(LOG(L42,2)+1),IF($E42=0,(LOG(1-L42,2)+1),"")) -> 0.26303441 | Y42: =IF($E42=1,(LOG(M42,2)+1),IF($E42=0,(LOG(1-M42,2)+1),"")) -> 0.84799691 | ... AC42: =IF($E42=1,(LOG(Q42,2)+1),IF($E42=0,(LOG(1-Q42,2)+1),"")) -> 0 | AE42: =ABS((LOG(F42,2)-LOG(1-F42,2))+ABS(LOG(G42,2)-LOG(1-G42,2))+ABS(LOG(H42,2)-LOG(1-H42,2))+ABS(LOG(I42,2)-LOG(1-I42,2))+ABS(LOG(J42,2)-LOG(1-J42,2))+ABS(LOG(K42,2)-LOG(1-K42,2))+ABS(LOG(L42,2)-LOG(1-L42,2))+ABS(LOG(M42,2)-LOG(1-M42,2))+ABS(LOG(N42,2)-LOG(1-N42,2))+ABS(LOG(O42,2)-LOG(1-O42,2))+ABS(LOG(P42,2)-LOG(1-P42,2))+ABS(LOG(Q42,2)-LOG(1-Q42,2))) -> 21.574518 | AF42: =AVERAGE(F42:Q42) -> 0.69583333 | AG42: =VAR(F42,G42,H42,I42,J42,K42,L42,M42,N42,O42,P42,Q42) -> 0.049299242 | AT42: =IF(F42=MIN($F42:$Q42),"Yes","") | AU42: =IF(G42=MIN($F42:$Q42),"Yes","") | AV42: =IF(H42=MIN($F42:$Q42),"Yes","") | AW42: =IF(I42=MIN($F42:$Q42),"Yes","") | AX42: =IF(J42=MIN($F42:$Q42),"Yes","") | AY42: =IF(K42=MIN($F42:$Q42),"Yes","") | AZ42: =IF(L42=MIN($F42:$Q42),"Yes","") | BA42: =IF(M42=MIN($F42:$Q42),"Yes","") | ... BE42: =IF(Q42=MIN($F42:$Q42),"Yes","") | BF42: =IF(F42=MAX($F42:$Q42),"Yes","") | BG42: =IF(G42=MAX($F42:$Q42),"Yes","") | BH42: =IF(H42=MAX($F42:$Q42),"Yes","") -> Yes | BI42: =IF(I42=MAX($F42:$Q42),"Yes","") | BJ42: =IF(J42=MAX($F42:$Q42),"Yes","") -> Yes | BK42: =IF(K42=MAX($F42:$Q42),"Yes","") | BL42: =IF(L42=MAX($F42:$Q42),"Yes","") | BM42: =IF(M42=MAX($F42:$Q42),"Yes","") -> Yes | ... BQ42: =IF(Q42=MAX($F42:$Q42),"Yes","") | BR42: =IF((F42-G42)>=0.5,"Yes",IF((G42-F42)>=0.5,"Yes","")) | BS42: =IF((L42-M42)>=0.5,"Yes",IF((M42-L42)>=0.5,"Yes","")) | BW42: =IF(BR42="Yes",-G42,0) -> 0 | BX42: =IF(BR42="Yes",F42,0) -> 0 | BY42: =IF((BX42-BW42)>0.01,(BX42-BW42),"") | BZ42: =IF(BS42="Yes",-L42,0) -> 0 | CA42: =IF(BS42="Yes",M42,0) -> 0 | CB42: =IF((CA42-BZ42)>0.01,(CA42-BZ42),"") | CC42: Yes
A43: 42 | B43: Family | C43: Rohan will be at least 6ft tall | E43: 1 | F43: =Andrew!D43 -> 0.5 | G43: =Bruce!D43 -> 0.9 | H43: =Christine!D43 -> 0.9 | I43: =Eileen!D43 -> 0.4 | J43: =Iain!D43 -> 0.9 | K43: =Gael!D43 -> 0.001 | L43: =Jac!D43 -> 0.99999 | M43: =James!D43 -> 0.9 | N43: =Kate!D43 -> 0.9 | O43: =Lachy!D43 -> 0.999 | P43: =Pete!D43 -> 0.9 | Q43: =Rohan!D43 -> 0.99 | R43: =IF($E43=1,(LOG(F43,2)+1),IF($E43=0,(LOG(1-F43,2)+1),"")) -> 0 | S43: =IF($E43=1,(LOG(G43,2)+1),IF($E43=0,(LOG(1-G43,2)+1),"")) -> 0.84799691 | T43: =IF($E43=1,(LOG(H43,2)+1),IF($E43=0,(LOG(1-H43,2)+1),"")) -> 0.84799691 | U43: =IF($E43=1,(LOG(I43,2)+1),IF($E43=0,(LOG(1-I43,2)+1),"")) -> -0.32192809 | V43: =IF($E43=1,(LOG(J43,2)+1),IF($E43=0,(LOG(1-J43,2)+1),"")) -> 0.84799691 | W43: =IF($E43=1,(LOG(K43,2)+1),IF($E43=0,(LOG(1-K43,2)+1),"")) -> -8.9657843 | X43: =IF($E43=1,(LOG(L43,2)+1),IF($E43=0,(LOG(1-L43,2)+1),"")) -> 0.99998557 | Y43: =IF($E43=1,(LOG(M43,2)+1),IF($E43=0,(LOG(1-M43,2)+1),"")) -> 0.84799691 | ... AC43: =IF($E43=1,(LOG(Q43,2)+1),IF($E43=0,(LOG(1-Q43,2)+1),"")) -> 0.98550043 | AE43: =ABS((LOG(F43,2)-LOG(1-F43,2))+ABS(LOG(G43,2)-LOG(1-G43,2))+ABS(LOG(H43,2)-LOG(1-H43,2))+ABS(LOG(I43,2)-LOG(1-I43,2))+ABS(LOG(J43,2)-LOG(1-J43,2))+ABS(LOG(K43,2)-LOG(1-K43,2))+ABS(LOG(L43,2)-LOG(1-L43,2))+ABS(LOG(M43,2)-LOG(1-M43,2))+ABS(LOG(N43,2)-LOG(1-N43,2))+ABS(LOG(O43,2)-LOG(1-O43,2))+ABS(LOG(P43,2)-LOG(1-P43,2))+ABS(LOG(Q43,2)-LOG(1-Q43,2))) -> 62.772177 | AF43: =AVERAGE(F43:Q43) -> 0.77416583 | AG43: =VAR(F43,G43,H43,I43,J43,K43,L43,M43,N43,O43,P43,Q43) -> 0.096008105 | AH43: =IF(F43=MIN($F43:$Q43),LOG(1-F43,2)+1,IF(F43=MAX($F43:$Q43),LOG(F43,2)+1,"")) | AI43: =IF(G43=MIN($F43:$Q43),LOG(1-G43,2)+1,IF(G43=MAX($F43:$Q43),LOG(G43,2)+1,"")) | AJ43: =IF(H43=MIN($F43:$Q43),LOG(1-H43,2)+1,IF(H43=MAX($F43:$Q43),LOG(H43,2)+1,"")) | AK43: =IF(I43=MIN($F43:$Q43),LOG(1-I43,2)+1,IF(I43=MAX($F43:$Q43),LOG(I43,2)+1,"")) | AL43: =IF(J43=MIN($F43:$Q43),LOG(1-J43,2)+1,IF(J43=MAX($F43:$Q43),LOG(J43,2)+1,"")) | AM43: =IF(K43=MIN($F43:$Q43),LOG(1-K43,2)+1,IF(K43=MAX($F43:$Q43),LOG(K43,2)+1,"")) -> 0.99855658 | AN43: =IF(L43=MIN($F43:$Q43),LOG(1-L43,2)+1,IF(L43=MAX($F43:$Q43),LOG(L43,2)+1,"")) -> 0.99998557 | AO43: =IF(M43=MIN($F43:$Q43),LOG(1-M43,2)+1,IF(M43=MAX($F43:$Q43),LOG(M43,2)+1,"")) | ... AS43: =IF(Q43=MIN($F43:$Q43),LOG(1-Q43,2)+1,IF(Q43=MAX($F43:$Q43),LOG(Q43,2)+1,"")) | AT43: =IF(F43=MIN($F43:$Q43),"Yes","") | AU43: =IF(G43=MIN($F43:$Q43),"Yes","") | AV43: =IF(H43=MIN($F43:$Q43),"Yes","") | AW43: =IF(I43=MIN($F43:$Q43),"Yes","") | AX43: =IF(J43=MIN($F43:$Q43),"Yes","") | AY43: =IF(K43=MIN($F43:$Q43),"Yes","") -> Yes | AZ43: =IF(L43=MIN($F43:$Q43),"Yes","") | BA43: =IF(M43=MIN($F43:$Q43),"Yes","") | ... BE43: =IF(Q43=MIN($F43:$Q43),"Yes","") | BF43: =IF(F43=MAX($F43:$Q43),"Yes","") | BG43: =IF(G43=MAX($F43:$Q43),"Yes","") | BH43: =IF(H43=MAX($F43:$Q43),"Yes","") | BI43: =IF(I43=MAX($F43:$Q43),"Yes","") | BJ43: =IF(J43=MAX($F43:$Q43),"Yes","") | BK43: =IF(K43=MAX($F43:$Q43),"Yes","") | BL43: =IF(L43=MAX($F43:$Q43),"Yes","") -> Yes | BM43: =IF(M43=MAX($F43:$Q43),"Yes","") | ... BQ43: =IF(Q43=MAX($F43:$Q43),"Yes","") | BR43: =IF((F43-G43)>=0.5,"Yes",IF((G43-F43)>=0.5,"Yes","")) | BS43: =IF((L43-M43)>=0.5,"Yes",IF((M43-L43)>=0.5,"Yes","")) | BW43: =IF(BR43="Yes",-G43,0) -> 0 | BX43: =IF(BR43="Yes",F43,0) -> 0 | BY43: =IF((BX43-BW43)>0.01,(BX43-BW43),"") | BZ43: =IF(BS43="Yes",-L43,0) -> 0 | CA43: =IF(BS43="Yes",M43,0) -> 0 | CB43: =IF((CA43-BZ43)>0.01,(CA43-BZ43),"")
A44: 43 | B44: Family | C44: A participant in the prediction game will get a dog or another dog | E44: 0 | F44: =Andrew!D44 -> 0.5 | G44: =Bruce!D44 -> 0.95 | H44: =Christine!D44 -> 0.1 | I44: =Eileen!D44 -> 0.1 | J44: =Iain!D44 -> 0.9 | K44: =Gael!D44 -> 0.75 | L44: =Jac!D44 -> 0.2 | M44: =James!D44 -> 0.1 | N44: =Kate!D44 -> 0.1 | O44: =Lachy!D44 -> 0.001 | P44: =Pete!D44 -> 0.5 | Q44: =Rohan!D44 -> 0.25 | R44: =IF($E44=1,(LOG(F44,2)+1),IF($E44=0,(LOG(1-F44,2)+1),"")) -> 0 | S44: =IF($E44=1,(LOG(G44,2)+1),IF($E44=0,(LOG(1-G44,2)+1),"")) -> -3.3219281 | T44: =IF($E44=1,(LOG(H44,2)+1),IF($E44=0,(LOG(1-H44,2)+1),"")) -> 0.84799691 | U44: =IF($E44=1,(LOG(I44,2)+1),IF($E44=0,(LOG(1-I44,2)+1),"")) -> 0.84799691 | V44: =IF($E44=1,(LOG(J44,2)+1),IF($E44=0,(LOG(1-J44,2)+1),"")) -> -2.3219281 | W44: =IF($E44=1,(LOG(K44,2)+1),IF($E44=0,(LOG(1-K44,2)+1),"")) -> -1 | X44: =IF($E44=1,(LOG(L44,2)+1),IF($E44=0,(LOG(1-L44,2)+1),"")) -> 0.67807191 | Y44: =IF($E44=1,(LOG(M44,2)+1),IF($E44=0,(LOG(1-M44,2)+1),"")) -> 0.84799691 | ... AC44: =IF($E44=1,(LOG(Q44,2)+1),IF($E44=0,(LOG(1-Q44,2)+1),"")) -> 0.5849625 | AE44: =ABS((LOG(F44,2)-LOG(1-F44,2))+ABS(LOG(G44,2)-LOG(1-G44,2))+ABS(LOG(H44,2)-LOG(1-H44,2))+ABS(LOG(I44,2)-LOG(1-I44,2))+ABS(LOG(J44,2)-LOG(1-J44,2))+ABS(LOG(K44,2)-LOG(1-K44,2))+ABS(LOG(L44,2)-LOG(1-L44,2))+ABS(LOG(M44,2)-LOG(1-M44,2))+ABS(LOG(N44,2)-LOG(1-N44,2))+ABS(LOG(O44,2)-LOG(1-O44,2))+ABS(LOG(P44,2)-LOG(1-P44,2))+ABS(LOG(Q44,2)-LOG(1-Q44,2))) -> 35.231818 | AF44: =AVERAGE(F44:Q44) -> 0.37091667 | AG44: =VAR(F44,G44,H44,I44,J44,K44,L44,M44,N44,O44,P44,Q44) -> 0.11514099 | AH44: =IF(F44=MIN($F44:$Q44),LOG(1-F44,2)+1,IF(F44=MAX($F44:$Q44),LOG(F44,2)+1,"")) | AI44: =IF(G44=MIN($F44:$Q44),LOG(1-G44,2)+1,IF(G44=MAX($F44:$Q44),LOG(G44,2)+1,"")) -> 0.92599942 | AJ44: =IF(H44=MIN($F44:$Q44),LOG(1-H44,2)+1,IF(H44=MAX($F44:$Q44),LOG(H44,2)+1,"")) | AK44: =IF(I44=MIN($F44:$Q44),LOG(1-I44,2)+1,IF(I44=MAX($F44:$Q44),LOG(I44,2)+1,"")) | AL44: =IF(J44=MIN($F44:$Q44),LOG(1-J44,2)+1,IF(J44=MAX($F44:$Q44),LOG(J44,2)+1,"")) | AM44: =IF(K44=MIN($F44:$Q44),LOG(1-K44,2)+1,IF(K44=MAX($F44:$Q44),LOG(K44,2)+1,"")) | AN44: =IF(L44=MIN($F44:$Q44),LOG(1-L44,2)+1,IF(L44=MAX($F44:$Q44),LOG(L44,2)+1,"")) | AO44: =IF(M44=MIN($F44:$Q44),LOG(1-M44,2)+1,IF(M44=MAX($F44:$Q44),LOG(M44,2)+1,"")) | ... AS44: =IF(Q44=MIN($F44:$Q44),LOG(1-Q44,2)+1,IF(Q44=MAX($F44:$Q44),LOG(Q44,2)+1,"")) | AT44: =IF(F44=MIN($F44:$Q44),"Yes","") | AU44: =IF(G44=MIN($F44:$Q44),"Yes","") | AV44: =IF(H44=MIN($F44:$Q44),"Yes","") | AW44: =IF(I44=MIN($F44:$Q44),"Yes","") | AX44: =IF(J44=MIN($F44:$Q44),"Yes","") | AY44: =IF(K44=MIN($F44:$Q44),"Yes","") | AZ44: =IF(L44=MIN($F44:$Q44),"Yes","") | BA44: =IF(M44=MIN($F44:$Q44),"Yes","") | ... BE44: =IF(Q44=MIN($F44:$Q44),"Yes","") | BF44: =IF(F44=MAX($F44:$Q44),"Yes","") | BG44: =IF(G44=MAX($F44:$Q44),"Yes","") -> Yes | BH44: =IF(H44=MAX($F44:$Q44),"Yes","") | BI44: =IF(I44=MAX($F44:$Q44),"Yes","") | BJ44: =IF(J44=MAX($F44:$Q44),"Yes","") | BK44: =IF(K44=MAX($F44:$Q44),"Yes","") | BL44: =IF(L44=MAX($F44:$Q44),"Yes","") | BM44: =IF(M44=MAX($F44:$Q44),"Yes","") | ... BQ44: =IF(Q44=MAX($F44:$Q44),"Yes","") | BR44: =IF((F44-G44)>=0.5,"Yes",IF((G44-F44)>=0.5,"Yes","")) | BS44: =IF((L44-M44)>=0.5,"Yes",IF((M44-L44)>=0.5,"Yes","")) | BW44: =IF(BR44="Yes",-G44,0) -> 0 | BX44: =IF(BR44="Yes",F44,0) -> 0 | BY44: =IF((BX44-BW44)>0.01,(BX44-BW44),"") | BZ44: =IF(BS44="Yes",-L44,0) -> 0 | CA44: =IF(BS44="Yes",M44,0) -> 0 | CB44: =IF((CA44-BZ44)>0.01,(CA44-BZ44),"") | CC44: Yes
A45: 44 | B45: Natural world | C45: There will be a flow of water into the Lake Eyre basin in 2022 | D45: 44642 | E45: 1 | F45: =Andrew!D45 -> 0.75 | G45: =Bruce!D45 -> 0.8 | H45: =Christine!D45 -> 0.5 | I45: =Eileen!D45 -> 0.5 | J45: =Iain!D45 -> 0.3 | K45: =Gael!D45 -> 0.7 | L45: =Jac!D45 -> 0.8 | M45: =James!D45 -> 0.5 | N45: =Kate!D45 -> 0.6 | O45: =Lachy!D45 -> 0.65 | P45: =Pete!D45 -> 0.9 | Q45: =Rohan!D45 -> 0.5 | R45: =IF($E45=1,(LOG(F45,2)+1),IF($E45=0,(LOG(1-F45,2)+1),"")) -> 0.5849625 | S45: =IF($E45=1,(LOG(G45,2)+1),IF($E45=0,(LOG(1-G45,2)+1),"")) -> 0.67807191 | T45: =IF($E45=1,(LOG(H45,2)+1),IF($E45=0,(LOG(1-H45,2)+1),"")) -> 0 | U45: =IF($E45=1,(LOG(I45,2)+1),IF($E45=0,(LOG(1-I45,2)+1),"")) -> 0 | V45: =IF($E45=1,(LOG(J45,2)+1),IF($E45=0,(LOG(1-J45,2)+1),"")) -> -0.73696559 | W45: =IF($E45=1,(LOG(K45,2)+1),IF($E45=0,(LOG(1-K45,2)+1),"")) -> 0.48542683 | X45: =IF($E45=1,(LOG(L45,2)+1),IF($E45=0,(LOG(1-L45,2)+1),"")) -> 0.67807191 | Y45: =IF($E45=1,(LOG(M45,2)+1),IF($E45=0,(LOG(1-M45,2)+1),"")) -> 0 | ... AC45: =IF($E45=1,(LOG(Q45,2)+1),IF($E45=0,(LOG(1-Q45,2)+1),"")) -> 0 | AE45: =ABS((LOG(F45,2)-LOG(1-F45,2))+ABS(LOG(G45,2)-LOG(1-G45,2))+ABS(LOG(H45,2)-LOG(1-H45,2))+ABS(LOG(I45,2)-LOG(1-I45,2))+ABS(LOG(J45,2)-LOG(1-J45,2))+ABS(LOG(K45,2)-LOG(1-K45,2))+ABS(LOG(L45,2)-LOG(1-L45,2))+ABS(LOG(M45,2)-LOG(1-M45,2))+ABS(LOG(N45,2)-LOG(1-N45,2))+ABS(LOG(O45,2)-LOG(1-O45,2))+ABS(LOG(P45,2)-LOG(1-P45,2))+ABS(LOG(Q45,2)-LOG(1-Q45,2))) -> 12.67772 | AF45: =AVERAGE(F45:Q45) -> 0.625 | AG45: =VAR(F45,G45,H45,I45,J45,K45,L45,M45,N45,O45,P45,Q45) -> 0.029772727 | AT45: =IF(F45=MIN($F45:$Q45),"Yes","") | AU45: =IF(G45=MIN($F45:$Q45),"Yes","") | AV45: =IF(H45=MIN($F45:$Q45),"Yes","") | AW45: =IF(I45=MIN($F45:$Q45),"Yes","") | AX45: =IF(J45=MIN($F45:$Q45),"Yes","") -> Yes | AY45: =IF(K45=MIN($F45:$Q45),"Yes","") | AZ45: =IF(L45=MIN($F45:$Q45),"Yes","") | BA45: =IF(M45=MIN($F45:$Q45),"Yes","") | ... BE45: =IF(Q45=MIN($F45:$Q45),"Yes","") | BF45: =IF(F45=MAX($F45:$Q45),"Yes","") | BG45: =IF(G45=MAX($F45:$Q45),"Yes","") | BH45: =IF(H45=MAX($F45:$Q45),"Yes","") | BI45: =IF(I45=MAX($F45:$Q45),"Yes","") | BJ45: =IF(J45=MAX($F45:$Q45),"Yes","") | BK45: =IF(K45=MAX($F45:$Q45),"Yes","") | BL45: =IF(L45=MAX($F45:$Q45),"Yes","") | BM45: =IF(M45=MAX($F45:$Q45),"Yes","") | ... BQ45: =IF(Q45=MAX($F45:$Q45),"Yes","") | BR45: =IF((F45-G45)>=0.5,"Yes",IF((G45-F45)>=0.5,"Yes","")) | BS45: =IF((L45-M45)>=0.5,"Yes",IF((M45-L45)>=0.5,"Yes","")) | BW45: =IF(BR45="Yes",-G45,0) -> 0 | BX45: =IF(BR45="Yes",F45,0) -> 0 | BY45: =IF((BX45-BW45)>0.01,(BX45-BW45),"") | BZ45: =IF(BS45="Yes",-L45,0) -> 0 | CA45: =IF(BS45="Yes",M45,0) -> 0 | CB45: =IF((CA45-BZ45)>0.01,(CA45-BZ45),"")
A46: 45 | B46: Natural world | C46: Water from the Paroo will spill into the Darling in 2022 | E46: 1 | F46: =Andrew!D46 -> 0.5 | G46: =Bruce!D46 -> 0.7 | H46: =Christine!D46 -> 0.5 | I46: =Eileen!D46 -> 0.5 | J46: =Iain!D46 -> 0.6 | K46: =Gael!D46 -> 0.6 | L46: =Jac!D46 -> 0.8 | M46: =James!D46 -> 0.5 | N46: =Kate!D46 -> 0.6 | O46: =Lachy!D46 -> 0.5 | P46: =Pete!D46 -> 0.1 | Q46: =Rohan!D46 -> 0.5 | R46: =IF($E46=1,(LOG(F46,2)+1),IF($E46=0,(LOG(1-F46,2)+1),"")) -> 0 | S46: =IF($E46=1,(LOG(G46,2)+1),IF($E46=0,(LOG(1-G46,2)+1),"")) -> 0.48542683 | T46: =IF($E46=1,(LOG(H46,2)+1),IF($E46=0,(LOG(1-H46,2)+1),"")) -> 0 | U46: =IF($E46=1,(LOG(I46,2)+1),IF($E46=0,(LOG(1-I46,2)+1),"")) -> 0 | V46: =IF($E46=1,(LOG(J46,2)+1),IF($E46=0,(LOG(1-J46,2)+1),"")) -> 0.26303441 | W46: =IF($E46=1,(LOG(K46,2)+1),IF($E46=0,(LOG(1-K46,2)+1),"")) -> 0.26303441 | X46: =IF($E46=1,(LOG(L46,2)+1),IF($E46=0,(LOG(1-L46,2)+1),"")) -> 0.67807191 | Y46: =IF($E46=1,(LOG(M46,2)+1),IF($E46=0,(LOG(1-M46,2)+1),"")) -> 0 | ... AC46: =IF($E46=1,(LOG(Q46,2)+1),IF($E46=0,(LOG(1-Q46,2)+1),"")) -> 0 | AE46: =ABS((LOG(F46,2)-LOG(1-F46,2))+ABS(LOG(G46,2)-LOG(1-G46,2))+ABS(LOG(H46,2)-LOG(1-H46,2))+ABS(LOG(I46,2)-LOG(1-I46,2))+ABS(LOG(J46,2)-LOG(1-J46,2))+ABS(LOG(K46,2)-LOG(1-K46,2))+ABS(LOG(L46,2)-LOG(1-L46,2))+ABS(LOG(M46,2)-LOG(1-M46,2))+ABS(LOG(N46,2)-LOG(1-N46,2))+ABS(LOG(O46,2)-LOG(1-O46,2))+ABS(LOG(P46,2)-LOG(1-P46,2))+ABS(LOG(Q46,2)-LOG(1-Q46,2))) -> 8.1472049 | AF46: =AVERAGE(F46:Q46) -> 0.53333333 | AG46: =VAR(F46,G46,H46,I46,J46,K46,L46,M46,N46,O46,P46,Q46) -> 0.027878788 | AT46: =IF(F46=MIN($F46:$Q46),"Yes","") | AU46: =IF(G46=MIN($F46:$Q46),"Yes","") | AV46: =IF(H46=MIN($F46:$Q46),"Yes","") | AW46: =IF(I46=MIN($F46:$Q46),"Yes","") | AX46: =IF(J46=MIN($F46:$Q46),"Yes","") | AY46: =IF(K46=MIN($F46:$Q46),"Yes","") | AZ46: =IF(L46=MIN($F46:$Q46),"Yes","") | BA46: =IF(M46=MIN($F46:$Q46),"Yes","") | ... BE46: =IF(Q46=MIN($F46:$Q46),"Yes","") | BF46: =IF(F46=MAX($F46:$Q46),"Yes","") | BG46: =IF(G46=MAX($F46:$Q46),"Yes","") | BH46: =IF(H46=MAX($F46:$Q46),"Yes","") | BI46: =IF(I46=MAX($F46:$Q46),"Yes","") | BJ46: =IF(J46=MAX($F46:$Q46),"Yes","") | BK46: =IF(K46=MAX($F46:$Q46),"Yes","") | BL46: =IF(L46=MAX($F46:$Q46),"Yes","") -> Yes | BM46: =IF(M46=MAX($F46:$Q46),"Yes","") | ... BQ46: =IF(Q46=MAX($F46:$Q46),"Yes","") | BR46: =IF((F46-G46)>=0.5,"Yes",IF((G46-F46)>=0.5,"Yes","")) | BS46: =IF((L46-M46)>=0.5,"Yes",IF((M46-L46)>=0.5,"Yes","")) | BW46: =IF(BR46="Yes",-G46,0) -> 0 | BX46: =IF(BR46="Yes",F46,0) -> 0 | BY46: =IF((BX46-BW46)>0.01,(BX46-BW46),"") | BZ46: =IF(BS46="Yes",-L46,0) -> 0 | CA46: =IF(BS46="Yes",M46,0) -> 0 | CB46: =IF((CA46-BZ46)>0.01,(CA46-BZ46),"")
A47: 46 | B47: Natural world | C47: In the Antarctic the Thwaites Glacier ice-shelf will collapse in 2022 | E47: 0 | F47: =Andrew!D47 -> 0.5 | G47: =Bruce!D47 -> 0.25 | H47: =Christine!D47 -> 0.7 | I47: =Eileen!D47 -> 0.5 | J47: =Iain!D47 -> 0.7 | K47: =Gael!D47 -> 0.7 | L47: =Jac!D47 -> 0.1 | M47: =James!D47 -> 0.7 | N47: =Kate!D47 -> 0.2 | O47: =Lachy!D47 -> 0.35 | P47: =Pete!D47 -> 0.5 | Q47: =Rohan!D47 -> 0.5 | R47: =IF($E47=1,(LOG(F47,2)+1),IF($E47=0,(LOG(1-F47,2)+1),"")) -> 0 | S47: =IF($E47=1,(LOG(G47,2)+1),IF($E47=0,(LOG(1-G47,2)+1),"")) -> 0.5849625 | T47: =IF($E47=1,(LOG(H47,2)+1),IF($E47=0,(LOG(1-H47,2)+1),"")) -> -0.73696559 | U47: =IF($E47=1,(LOG(I47,2)+1),IF($E47=0,(LOG(1-I47,2)+1),"")) -> 0 | V47: =IF($E47=1,(LOG(J47,2)+1),IF($E47=0,(LOG(1-J47,2)+1),"")) -> -0.73696559 | W47: =IF($E47=1,(LOG(K47,2)+1),IF($E47=0,(LOG(1-K47,2)+1),"")) -> -0.73696559 | X47: =IF($E47=1,(LOG(L47,2)+1),IF($E47=0,(LOG(1-L47,2)+1),"")) -> 0.84799691 | Y47: =IF($E47=1,(LOG(M47,2)+1),IF($E47=0,(LOG(1-M47,2)+1),"")) -> -0.73696559 | ... AC47: =IF($E47=1,(LOG(Q47,2)+1),IF($E47=0,(LOG(1-Q47,2)+1),"")) -> 0 | AE47: =ABS((LOG(F47,2)-LOG(1-F47,2))+ABS(LOG(G47,2)-LOG(1-G47,2))+ABS(LOG(H47,2)-LOG(1-H47,2))+ABS(LOG(I47,2)-LOG(1-I47,2))+ABS(LOG(J47,2)-LOG(1-J47,2))+ABS(LOG(K47,2)-LOG(1-K47,2))+ABS(LOG(L47,2)-LOG(1-L47,2))+ABS(LOG(M47,2)-LOG(1-M47,2))+ABS(LOG(N47,2)-LOG(1-N47,2))+ABS(LOG(O47,2)-LOG(1-O47,2))+ABS(LOG(P47,2)-LOG(1-P47,2))+ABS(LOG(Q47,2)-LOG(1-Q47,2))) -> 12.537542 | AF47: =AVERAGE(F47:Q47) -> 0.475 | AG47: =VAR(F47,G47,H47,I47,J47,K47,L47,M47,N47,O47,P47,Q47) -> 0.044318182 | AT47: =IF(F47=MIN($F47:$Q47),"Yes","") | AU47: =IF(G47=MIN($F47:$Q47),"Yes","") | AV47: =IF(H47=MIN($F47:$Q47),"Yes","") | AW47: =IF(I47=MIN($F47:$Q47),"Yes","") | AX47: =IF(J47=MIN($F47:$Q47),"Yes","") | AY47: =IF(K47=MIN($F47:$Q47),"Yes","") | AZ47: =IF(L47=MIN($F47:$Q47),"Yes","") -> Yes | BA47: =IF(M47=MIN($F47:$Q47),"Yes","") | ... BE47: =IF(Q47=MIN($F47:$Q47),"Yes","") | BF47: =IF(F47=MAX($F47:$Q47),"Yes","") | BG47: =IF(G47=MAX($F47:$Q47),"Yes","") | BH47: =IF(H47=MAX($F47:$Q47),"Yes","") -> Yes | BI47: =IF(I47=MAX($F47:$Q47),"Yes","") | BJ47: =IF(J47=MAX($F47:$Q47),"Yes","") -> Yes | BK47: =IF(K47=MAX($F47:$Q47),"Yes","") -> Yes | BL47: =IF(L47=MAX($F47:$Q47),"Yes","") | BM47: =IF(M47=MAX($F47:$Q47),"Yes","") -> Yes | ... BQ47: =IF(Q47=MAX($F47:$Q47),"Yes","") | BR47: =IF((F47-G47)>=0.5,"Yes",IF((G47-F47)>=0.5,"Yes","")) | BS47: =IF((L47-M47)>=0.5,"Yes",IF((M47-L47)>=0.5,"Yes","")) -> Yes | BW47: =IF(BR47="Yes",-G47,0) -> 0 | BX47: =IF(BR47="Yes",F47,0) -> 0 | BY47: =IF((BX47-BW47)>0.01,(BX47-BW47),"") | BZ47: =IF(BS47="Yes",-L47,0) -> -0.1 | CA47: =IF(BS47="Yes",M47,0) -> 0.7 | CB47: =IF((CA47-BZ47)>0.01,(CA47-BZ47),"") -> 0.8 | CC47: No
A48: 47 | B48: Natural world | C48: At least three quarters of the Great Barrier Reef will be bleached as a result of warming seas. | E48: 0 | F48: =Andrew!D48 -> 0.5 | G48: =Bruce!D48 -> 0.8 | H48: =Christine!D48 -> 0.7 | I48: =Eileen!D48 -> 0.5 | J48: =Iain!D48 -> 0.8 | K48: =Gael!D48 -> 0.85 | L48: =Jac!D48 -> 0.5 | M48: =James!D48 -> 0.7 | N48: =Kate!D48 -> 0.7 | O48: =Lachy!D48 -> 0.35 | P48: =Pete!D48 -> 0.5 | Q48: =Rohan!D48 -> 0.4 | R48: =IF($E48=1,(LOG(F48,2)+1),IF($E48=0,(LOG(1-F48,2)+1),"")) -> 0 | S48: =IF($E48=1,(LOG(G48,2)+1),IF($E48=0,(LOG(1-G48,2)+1),"")) -> -1.3219281 | T48: =IF($E48=1,(LOG(H48,2)+1),IF($E48=0,(LOG(1-H48,2)+1),"")) -> -0.73696559 | U48: =IF($E48=1,(LOG(I48,2)+1),IF($E48=0,(LOG(1-I48,2)+1),"")) -> 0 | V48: =IF($E48=1,(LOG(J48,2)+1),IF($E48=0,(LOG(1-J48,2)+1),"")) -> -1.3219281 | W48: =IF($E48=1,(LOG(K48,2)+1),IF($E48=0,(LOG(1-K48,2)+1),"")) -> -1.7369656 | X48: =IF($E48=1,(LOG(L48,2)+1),IF($E48=0,(LOG(1-L48,2)+1),"")) -> 0 | Y48: =IF($E48=1,(LOG(M48,2)+1),IF($E48=0,(LOG(1-M48,2)+1),"")) -> -0.73696559 | ... AC48: =IF($E48=1,(LOG(Q48,2)+1),IF($E48=0,(LOG(1-Q48,2)+1),"")) -> 0.26303441 | AE48: =ABS((LOG(F48,2)-LOG(1-F48,2))+ABS(LOG(G48,2)-LOG(1-G48,2))+ABS(LOG(H48,2)-LOG(1-H48,2))+ABS(LOG(I48,2)-LOG(1-I48,2))+ABS(LOG(J48,2)-LOG(1-J48,2))+ABS(LOG(K48,2)-LOG(1-K48,2))+ABS(LOG(L48,2)-LOG(1-L48,2))+ABS(LOG(M48,2)-LOG(1-M48,2))+ABS(LOG(N48,2)-LOG(1-N48,2))+ABS(LOG(O48,2)-LOG(1-O48,2))+ABS(LOG(P48,2)-LOG(1-P48,2))+ABS(LOG(Q48,2)-LOG(1-Q48,2))) -> 11.647725 | AF48: =AVERAGE(F48:Q48) -> 0.60833333 | AG48: =VAR(F48,G48,H48,I48,J48,K48,L48,M48,N48,O48,P48,Q48) -> 0.028560606 | AT48: =IF(F48=MIN($F48:$Q48),"Yes","") | AU48: =IF(G48=MIN($F48:$Q48),"Yes","") | AV48: =IF(H48=MIN($F48:$Q48),"Yes","") | AW48: =IF(I48=MIN($F48:$Q48),"Yes","") | AX48: =IF(J48=MIN($F48:$Q48),"Yes","") | AY48: =IF(K48=MIN($F48:$Q48),"Yes","") | AZ48: =IF(L48=MIN($F48:$Q48),"Yes","") | BA48: =IF(M48=MIN($F48:$Q48),"Yes","") | ... BE48: =IF(Q48=MIN($F48:$Q48),"Yes","") | BF48: =IF(F48=MAX($F48:$Q48),"Yes","") | BG48: =IF(G48=MAX($F48:$Q48),"Yes","") | BH48: =IF(H48=MAX($F48:$Q48),"Yes","") | BI48: =IF(I48=MAX($F48:$Q48),"Yes","") | BJ48: =IF(J48=MAX($F48:$Q48),"Yes","") | BK48: =IF(K48=MAX($F48:$Q48),"Yes","") -> Yes | BL48: =IF(L48=MAX($F48:$Q48),"Yes","") | BM48: =IF(M48=MAX($F48:$Q48),"Yes","") | ... BQ48: =IF(Q48=MAX($F48:$Q48),"Yes","") | BR48: =IF((F48-G48)>=0.5,"Yes",IF((G48-F48)>=0.5,"Yes","")) | BS48: =IF((L48-M48)>=0.5,"Yes",IF((M48-L48)>=0.5,"Yes","")) | BW48: =IF(BR48="Yes",-G48,0) -> 0 | BX48: =IF(BR48="Yes",F48,0) -> 0 | BY48: =IF((BX48-BW48)>0.01,(BX48-BW48),"") | BZ48: =IF(BS48="Yes",-L48,0) -> 0 | CA48: =IF(BS48="Yes",M48,0) -> 0 | CB48: =IF((CA48-BZ48)>0.01,(CA48-BZ48),"") | CC48: No
A49: 48 | B49: Natural world | C49: Sabine Hoffstader will release a Youtube video explaining that the nature of dark matter has been confirmed experimentally | E49: 0 | F49: =Andrew!D49 -> 0.5 | G49: =Bruce!D49 -> 0.25 | H49: =Christine!D49 -> 0.1 | I49: =Eileen!D49 -> 0.5 | J49: =Iain!D49 -> 0.5 | K49: =Gael!D49 -> 0.65 | L49: =Jac!D49 -> 0.6 | M49: =James!D49 -> 0.1 | N49: =Kate!D49 -> 0.5 | O49: =Lachy!D49 -> 0.001 | P49: =Pete!D49 -> 0.5 | Q49: =Rohan!D49 -> 0.5 | R49: =IF($E49=1,(LOG(F49,2)+1),IF($E49=0,(LOG(1-F49,2)+1),"")) -> 0 | S49: =IF($E49=1,(LOG(G49,2)+1),IF($E49=0,(LOG(1-G49,2)+1),"")) -> 0.5849625 | T49: =IF($E49=1,(LOG(H49,2)+1),IF($E49=0,(LOG(1-H49,2)+1),"")) -> 0.84799691 | U49: =IF($E49=1,(LOG(I49,2)+1),IF($E49=0,(LOG(1-I49,2)+1),"")) -> 0 | V49: =IF($E49=1,(LOG(J49,2)+1),IF($E49=0,(LOG(1-J49,2)+1),"")) -> 0 | W49: =IF($E49=1,(LOG(K49,2)+1),IF($E49=0,(LOG(1-K49,2)+1),"")) -> -0.51457317 | X49: =IF($E49=1,(LOG(L49,2)+1),IF($E49=0,(LOG(1-L49,2)+1),"")) -> -0.32192809 | Y49: =IF($E49=1,(LOG(M49,2)+1),IF($E49=0,(LOG(1-M49,2)+1),"")) -> 0.84799691 | ... AC49: =IF($E49=1,(LOG(Q49,2)+1),IF($E49=0,(LOG(1-Q49,2)+1),"")) -> 0 | AE49: =ABS((LOG(F49,2)-LOG(1-F49,2))+ABS(LOG(G49,2)-LOG(1-G49,2))+ABS(LOG(H49,2)-LOG(1-H49,2))+ABS(LOG(I49,2)-LOG(1-I49,2))+ABS(LOG(J49,2)-LOG(1-J49,2))+ABS(LOG(K49,2)-LOG(1-K49,2))+ABS(LOG(L49,2)-LOG(1-L49,2))+ABS(LOG(M49,2)-LOG(1-M49,2))+ABS(LOG(N49,2)-LOG(1-N49,2))+ABS(LOG(O49,2)-LOG(1-O49,2))+ABS(LOG(P49,2)-LOG(1-P49,2))+ABS(LOG(Q49,2)-LOG(1-Q49,2))) -> 19.367201 | AF49: =AVERAGE(F49:Q49) -> 0.39175 | AG49: =VAR(F49,G49,H49,I49,J49,K49,L49,M49,N49,O49,P49,Q49) -> 0.047580386 | AT49: =IF(F49=MIN($F49:$Q49),"Yes","") | AU49: =IF(G49=MIN($F49:$Q49),"Yes","") | AV49: =IF(H49=MIN($F49:$Q49),"Yes","") | AW49: =IF(I49=MIN($F49:$Q49),"Yes","") | AX49: =IF(J49=MIN($F49:$Q49),"Yes","") | AY49: =IF(K49=MIN($F49:$Q49),"Yes","") | AZ49: =IF(L49=MIN($F49:$Q49),"Yes","") | BA49: =IF(M49=MIN($F49:$Q49),"Yes","") | ... BE49: =IF(Q49=MIN($F49:$Q49),"Yes","") | BF49: =IF(F49=MAX($F49:$Q49),"Yes","") | BG49: =IF(G49=MAX($F49:$Q49),"Yes","") | BH49: =IF(H49=MAX($F49:$Q49),"Yes","") | BI49: =IF(I49=MAX($F49:$Q49),"Yes","") | BJ49: =IF(J49=MAX($F49:$Q49),"Yes","") | BK49: =IF(K49=MAX($F49:$Q49),"Yes","") -> Yes | BL49: =IF(L49=MAX($F49:$Q49),"Yes","") | BM49: =IF(M49=MAX($F49:$Q49),"Yes","") | ... BQ49: =IF(Q49=MAX($F49:$Q49),"Yes","") | BR49: =IF((F49-G49)>=0.5,"Yes",IF((G49-F49)>=0.5,"Yes","")) | BS49: =IF((L49-M49)>=0.5,"Yes",IF((M49-L49)>=0.5,"Yes","")) -> Yes | BW49: =IF(BR49="Yes",-G49,0) -> 0 | BX49: =IF(BR49="Yes",F49,0) -> 0 | BY49: =IF((BX49-BW49)>0.01,(BX49-BW49),"") | BZ49: =IF(BS49="Yes",-L49,0) -> -0.6 | CA49: =IF(BS49="Yes",M49,0) -> 0.1 | CB49: =IF((CA49-BZ49)>0.01,(CA49-BZ49),"") -> 0.7
A50: 49 | B50: Natural world | C50: 2022 will be the hottest year on record globally (via NASA) | E50: 0 | F50: =Andrew!D50 -> 0.3 | G50: =Bruce!D50 -> 0.45 | H50: =Christine!D50 -> 0.95 | I50: =Eileen!D50 -> 0.3 | J50: =Iain!D50 -> 0.8 | K50: =Gael!D50 -> 0.82 | L50: =Jac!D50 -> 0.2 | M50: =James!D50 -> 0.95 | N50: =Kate!D50 -> 0.3 | O50: =Lachy!D50 -> 0.15 | P50: =Pete!D50 -> 0.6 | Q50: =Rohan!D50 -> 0.4 | R50: =IF($E50=1,(LOG(F50,2)+1),IF($E50=0,(LOG(1-F50,2)+1),"")) -> 0.48542683 | S50: =IF($E50=1,(LOG(G50,2)+1),IF($E50=0,(LOG(1-G50,2)+1),"")) -> 0.13750352 | T50: =IF($E50=1,(LOG(H50,2)+1),IF($E50=0,(LOG(1-H50,2)+1),"")) -> -3.3219281 | U50: =IF($E50=1,(LOG(I50,2)+1),IF($E50=0,(LOG(1-I50,2)+1),"")) -> 0.48542683 | V50: =IF($E50=1,(LOG(J50,2)+1),IF($E50=0,(LOG(1-J50,2)+1),"")) -> -1.3219281 | W50: =IF($E50=1,(LOG(K50,2)+1),IF($E50=0,(LOG(1-K50,2)+1),"")) -> -1.4739312 | X50: =IF($E50=1,(LOG(L50,2)+1),IF($E50=0,(LOG(1-L50,2)+1),"")) -> 0.67807191 | Y50: =IF($E50=1,(LOG(M50,2)+1),IF($E50=0,(LOG(1-M50,2)+1),"")) -> -3.3219281 | ... AC50: =IF($E50=1,(LOG(Q50,2)+1),IF($E50=0,(LOG(1-Q50,2)+1),"")) -> 0.26303441 | AE50: =ABS((LOG(F50,2)-LOG(1-F50,2))+ABS(LOG(G50,2)-LOG(1-G50,2))+ABS(LOG(H50,2)-LOG(1-H50,2))+ABS(LOG(I50,2)-LOG(1-I50,2))+ABS(LOG(J50,2)-LOG(1-J50,2))+ABS(LOG(K50,2)-LOG(1-K50,2))+ABS(LOG(L50,2)-LOG(1-L50,2))+ABS(LOG(M50,2)-LOG(1-M50,2))+ABS(LOG(N50,2)-LOG(1-N50,2))+ABS(LOG(O50,2)-LOG(1-O50,2))+ABS(LOG(P50,2)-LOG(1-P50,2))+ABS(LOG(Q50,2)-LOG(1-Q50,2))) -> 19.867806 | AF50: =AVERAGE(F50:Q50) -> 0.51833333 | AG50: =VAR(F50,G50,H50,I50,J50,K50,L50,M50,N50,O50,P50,Q50) -> 0.086215152 | AH50: =IF(F50=MIN($F50:$Q50),LOG(1-F50,2)+1,IF(F50=MAX($F50:$Q50),LOG(F50,2)+1,"")) | AI50: =IF(G50=MIN($F50:$Q50),LOG(1-G50,2)+1,IF(G50=MAX($F50:$Q50),LOG(G50,2)+1,"")) | AJ50: =IF(H50=MIN($F50:$Q50),LOG(1-H50,2)+1,IF(H50=MAX($F50:$Q50),LOG(H50,2)+1,"")) -> 0.92599942 | AK50: =IF(I50=MIN($F50:$Q50),LOG(1-I50,2)+1,IF(I50=MAX($F50:$Q50),LOG(I50,2)+1,"")) | AL50: =IF(J50=MIN($F50:$Q50),LOG(1-J50,2)+1,IF(J50=MAX($F50:$Q50),LOG(J50,2)+1,"")) | AM50: =IF(K50=MIN($F50:$Q50),LOG(1-K50,2)+1,IF(K50=MAX($F50:$Q50),LOG(K50,2)+1,"")) | AN50: =IF(L50=MIN($F50:$Q50),LOG(1-L50,2)+1,IF(L50=MAX($F50:$Q50),LOG(L50,2)+1,"")) | AO50: =IF(M50=MIN($F50:$Q50),LOG(1-M50,2)+1,IF(M50=MAX($F50:$Q50),LOG(M50,2)+1,"")) -> 0.92599942 | ... AS50: =IF(Q50=MIN($F50:$Q50),LOG(1-Q50,2)+1,IF(Q50=MAX($F50:$Q50),LOG(Q50,2)+1,"")) | AT50: =IF(F50=MIN($F50:$Q50),"Yes","") | AU50: =IF(G50=MIN($F50:$Q50),"Yes","") | AV50: =IF(H50=MIN($F50:$Q50),"Yes","") | AW50: =IF(I50=MIN($F50:$Q50),"Yes","") | AX50: =IF(J50=MIN($F50:$Q50),"Yes","") | AY50: =IF(K50=MIN($F50:$Q50),"Yes","") | AZ50: =IF(L50=MIN($F50:$Q50),"Yes","") | BA50: =IF(M50=MIN($F50:$Q50),"Yes","") | ... BE50: =IF(Q50=MIN($F50:$Q50),"Yes","") | BF50: =IF(F50=MAX($F50:$Q50),"Yes","") | BG50: =IF(G50=MAX($F50:$Q50),"Yes","") | BH50: =IF(H50=MAX($F50:$Q50),"Yes","") -> Yes | BI50: =IF(I50=MAX($F50:$Q50),"Yes","") | BJ50: =IF(J50=MAX($F50:$Q50),"Yes","") | BK50: =IF(K50=MAX($F50:$Q50),"Yes","") | BL50: =IF(L50=MAX($F50:$Q50),"Yes","") | BM50: =IF(M50=MAX($F50:$Q50),"Yes","") -> Yes | ... BQ50: =IF(Q50=MAX($F50:$Q50),"Yes","") | BR50: =IF((F50-G50)>=0.5,"Yes",IF((G50-F50)>=0.5,"Yes","")) | BS50: =IF((L50-M50)>=0.5,"Yes",IF((M50-L50)>=0.5,"Yes","")) -> Yes | BW50: =IF(BR50="Yes",-G50,0) -> 0 | BX50: =IF(BR50="Yes",F50,0) -> 0 | BY50: =IF((BX50-BW50)>0.01,(BX50-BW50),"") | BZ50: =IF(BS50="Yes",-L50,0) -> -0.2 | CA50: =IF(BS50="Yes",M50,0) -> 0.95 | CB50: =IF((CA50-BZ50)>0.01,(CA50-BZ50),"") -> 1.15 | CC50: No
A51: 50 | B51: Natural world | C51: A cultivated chilli will replace the Carolina Reaper as the world’s hottest, as measured in scoville units (GWR seems to be the source of this currently) | E51: 0 | F51: =Andrew!D51 -> 0.6 | G51: =Bruce!D51 -> 0.51 | H51: =Christine!D51 -> 0.7 | I51: =Eileen!D51 -> 0.8 | J51: =Iain!D51 -> 0.2 | K51: =Gael!D51 -> 0.75 | L51: =Jac!D51 -> 0.5 | M51: =James!D51 -> 0.7 | N51: =Kate!D51 -> 0.8 | O51: =Lachy!D51 -> 0.65 | P51: =Pete!D51 -> 0.5 | Q51: =Rohan!D51 -> 0.8 | R51: =IF($E51=1,(LOG(F51,2)+1),IF($E51=0,(LOG(1-F51,2)+1),"")) -> -0.32192809 | S51: =IF($E51=1,(LOG(G51,2)+1),IF($E51=0,(LOG(1-G51,2)+1),"")) -> -0.029146346 | T51: =IF($E51=1,(LOG(H51,2)+1),IF($E51=0,(LOG(1-H51,2)+1),"")) -> -0.73696559 | U51: =IF($E51=1,(LOG(I51,2)+1),IF($E51=0,(LOG(1-I51,2)+1),"")) -> -1.3219281 | V51: =IF($E51=1,(LOG(J51,2)+1),IF($E51=0,(LOG(1-J51,2)+1),"")) -> 0.67807191 | W51: =IF($E51=1,(LOG(K51,2)+1),IF($E51=0,(LOG(1-K51,2)+1),"")) -> -1 | X51: =IF($E51=1,(LOG(L51,2)+1),IF($E51=0,(LOG(1-L51,2)+1),"")) -> 0 | Y51: =IF($E51=1,(LOG(M51,2)+1),IF($E51=0,(LOG(1-M51,2)+1),"")) -> -0.73696559 | ... AC51: =IF($E51=1,(LOG(Q51,2)+1),IF($E51=0,(LOG(1-Q51,2)+1),"")) -> -1.3219281 | AE51: =ABS((LOG(F51,2)-LOG(1-F51,2))+ABS(LOG(G51,2)-LOG(1-G51,2))+ABS(LOG(H51,2)-LOG(1-H51,2))+ABS(LOG(I51,2)-LOG(1-I51,2))+ABS(LOG(J51,2)-LOG(1-J51,2))+ABS(LOG(K51,2)-LOG(1-K51,2))+ABS(LOG(L51,2)-LOG(1-L51,2))+ABS(LOG(M51,2)-LOG(1-M51,2))+ABS(LOG(N51,2)-LOG(1-N51,2))+ABS(LOG(O51,2)-LOG(1-O51,2))+ABS(LOG(P51,2)-LOG(1-P51,2))+ABS(LOG(Q51,2)-LOG(1-Q51,2))) -> 13.56551 | AF51: =AVERAGE(F51:Q51) -> 0.62583333 | AG51: =VAR(F51,G51,H51,I51,J51,K51,L51,M51,N51,O51,P51,Q51) -> 0.03137197 | AT51: =IF(F51=MIN($F51:$Q51),"Yes","") | AU51: =IF(G51=MIN($F51:$Q51),"Yes","") | AV51: =IF(H51=MIN($F51:$Q51),"Yes","") | AW51: =IF(I51=MIN($F51:$Q51),"Yes","") | AX51: =IF(J51=MIN($F51:$Q51),"Yes","") -> Yes | AY51: =IF(K51=MIN($F51:$Q51),"Yes","") | AZ51: =IF(L51=MIN($F51:$Q51),"Yes","") | BA51: =IF(M51=MIN($F51:$Q51),"Yes","") | ... BE51: =IF(Q51=MIN($F51:$Q51),"Yes","") | BF51: =IF(F51=MAX($F51:$Q51),"Yes","") | BG51: =IF(G51=MAX($F51:$Q51),"Yes","") | BH51: =IF(H51=MAX($F51:$Q51),"Yes","") | BI51: =IF(I51=MAX($F51:$Q51),"Yes","") -> Yes | BJ51: =IF(J51=MAX($F51:$Q51),"Yes","") | BK51: =IF(K51=MAX($F51:$Q51),"Yes","") | BL51: =IF(L51=MAX($F51:$Q51),"Yes","") | BM51: =IF(M51=MAX($F51:$Q51),"Yes","") | ... BQ51: =IF(Q51=MAX($F51:$Q51),"Yes","") -> Yes | BR51: =IF((F51-G51)>=0.5,"Yes",IF((G51-F51)>=0.5,"Yes","")) | BS51: =IF((L51-M51)>=0.5,"Yes",IF((M51-L51)>=0.5,"Yes","")) | BW51: =IF(BR51="Yes",-G51,0) -> 0 | BX51: =IF(BR51="Yes",F51,0) -> 0 | BY51: =IF((BX51-BW51)>0.01,(BX51-BW51),"") | BZ51: =IF(BS51="Yes",-L51,0) -> 0 | CA51: =IF(BS51="Yes",M51,0) -> 0 | CB51: =IF((CA51-BZ51)>0.01,(CA51-BZ51),"")
A52: 51 | B52: Natural world | C52: Christchurch will experience an earthquake of at least 4 on the Richter scale | E52: 0 | F52: =Andrew!D52 -> 0.4 | G52: =Bruce!D52 -> 0.25 | H52: =Christine!D52 -> 0.7 | I52: =Eileen!D52 -> 0.7 | J52: =Iain!D52 -> 0.5 | K52: =Gael!D52 -> 0.65 | L52: =Jac!D52 -> 0.3 | M52: =James!D52 -> 0.7 | N52: =Kate!D52 -> 0.4 | O52: =Lachy!D52 -> 0.65 | P52: =Pete!D52 -> 0.1 | Q52: =Rohan!D52 -> 0.5 | R52: =IF($E52=1,(LOG(F52,2)+1),IF($E52=0,(LOG(1-F52,2)+1),"")) -> 0.26303441 | S52: =IF($E52=1,(LOG(G52,2)+1),IF($E52=0,(LOG(1-G52,2)+1),"")) -> 0.5849625 | T52: =IF($E52=1,(LOG(H52,2)+1),IF($E52=0,(LOG(1-H52,2)+1),"")) -> -0.73696559 | U52: =IF($E52=1,(LOG(I52,2)+1),IF($E52=0,(LOG(1-I52,2)+1),"")) -> -0.73696559 | V52: =IF($E52=1,(LOG(J52,2)+1),IF($E52=0,(LOG(1-J52,2)+1),"")) -> 0 | W52: =IF($E52=1,(LOG(K52,2)+1),IF($E52=0,(LOG(1-K52,2)+1),"")) -> -0.51457317 | X52: =IF($E52=1,(LOG(L52,2)+1),IF($E52=0,(LOG(1-L52,2)+1),"")) -> 0.48542683 | Y52: =IF($E52=1,(LOG(M52,2)+1),IF($E52=0,(LOG(1-M52,2)+1),"")) -> -0.73696559 | ... AC52: =IF($E52=1,(LOG(Q52,2)+1),IF($E52=0,(LOG(1-Q52,2)+1),"")) -> 0 | AE52: =ABS((LOG(F52,2)-LOG(1-F52,2))+ABS(LOG(G52,2)-LOG(1-G52,2))+ABS(LOG(H52,2)-LOG(1-H52,2))+ABS(LOG(I52,2)-LOG(1-I52,2))+ABS(LOG(J52,2)-LOG(1-J52,2))+ABS(LOG(K52,2)-LOG(1-K52,2))+ABS(LOG(L52,2)-LOG(1-L52,2))+ABS(LOG(M52,2)-LOG(1-M52,2))+ABS(LOG(N52,2)-LOG(1-N52,2))+ABS(LOG(O52,2)-LOG(1-O52,2))+ABS(LOG(P52,2)-LOG(1-P52,2))+ABS(LOG(Q52,2)-LOG(1-Q52,2))) -> 11.430627 | AF52: =AVERAGE(F52:Q52) -> 0.4875 | AG52: =VAR(F52,G52,H52,I52,J52,K52,L52,M52,N52,O52,P52,Q52) -> 0.040511364 | AT52: =IF(F52=MIN($F52:$Q52),"Yes","") | AU52: =IF(G52=MIN($F52:$Q52),"Yes","") | AV52: =IF(H52=MIN($F52:$Q52),"Yes","") | AW52: =IF(I52=MIN($F52:$Q52),"Yes","") | AX52: =IF(J52=MIN($F52:$Q52),"Yes","") | AY52: =IF(K52=MIN($F52:$Q52),"Yes","") | AZ52: =IF(L52=MIN($F52:$Q52),"Yes","") | BA52: =IF(M52=MIN($F52:$Q52),"Yes","") | ... BE52: =IF(Q52=MIN($F52:$Q52),"Yes","") | BF52: =IF(F52=MAX($F52:$Q52),"Yes","") | BG52: =IF(G52=MAX($F52:$Q52),"Yes","") | BH52: =IF(H52=MAX($F52:$Q52),"Yes","") -> Yes | BI52: =IF(I52=MAX($F52:$Q52),"Yes","") -> Yes | BJ52: =IF(J52=MAX($F52:$Q52),"Yes","") | BK52: =IF(K52=MAX($F52:$Q52),"Yes","") | BL52: =IF(L52=MAX($F52:$Q52),"Yes","") | BM52: =IF(M52=MAX($F52:$Q52),"Yes","") -> Yes | ... BQ52: =IF(Q52=MAX($F52:$Q52),"Yes","") | BR52: =IF((F52-G52)>=0.5,"Yes",IF((G52-F52)>=0.5,"Yes","")) | BS52: =IF((L52-M52)>=0.5,"Yes",IF((M52-L52)>=0.5,"Yes","")) | BW52: =IF(BR52="Yes",-G52,0) -> 0 | BX52: =IF(BR52="Yes",F52,0) -> 0 | BY52: =IF((BX52-BW52)>0.01,(BX52-BW52),"") | BZ52: =IF(BS52="Yes",-L52,0) -> 0 | CA52: =IF(BS52="Yes",M52,0) -> 0 | CB52: =IF((CA52-BZ52)>0.01,(CA52-BZ52),"") | CC52: No
A53: 52 | B53: Society | C53: Pope Francis will condemn the metaverse or warn of its potential damage | E53: 0 | F53: =Andrew!D53 -> 0.6 | G53: =Bruce!D53 -> 0.2 | H53: =Christine!D53 -> 0.3 | I53: =Eileen!D53 -> 0.5 | J53: =Iain!D53 -> 0.9 | K53: =Gael!D53 -> 0.8 | L53: =Jac!D53 -> 0.5 | M53: =James!D53 -> 0.3 | N53: =Kate!D53 -> 0.1 | O53: =Lachy!D53 -> 0.35 | P53: =Pete!D53 -> 0.5 | Q53: =Rohan!D53 -> 0.2 | R53: =IF($E53=1,(LOG(F53,2)+1),IF($E53=0,(LOG(1-F53,2)+1),"")) -> -0.32192809 | S53: =IF($E53=1,(LOG(G53,2)+1),IF($E53=0,(LOG(1-G53,2)+1),"")) -> 0.67807191 | T53: =IF($E53=1,(LOG(H53,2)+1),IF($E53=0,(LOG(1-H53,2)+1),"")) -> 0.48542683 | U53: =IF($E53=1,(LOG(I53,2)+1),IF($E53=0,(LOG(1-I53,2)+1),"")) -> 0 | V53: =IF($E53=1,(LOG(J53,2)+1),IF($E53=0,(LOG(1-J53,2)+1),"")) -> -2.3219281 | W53: =IF($E53=1,(LOG(K53,2)+1),IF($E53=0,(LOG(1-K53,2)+1),"")) -> -1.3219281 | X53: =IF($E53=1,(LOG(L53,2)+1),IF($E53=0,(LOG(1-L53,2)+1),"")) -> 0 | Y53: =IF($E53=1,(LOG(M53,2)+1),IF($E53=0,(LOG(1-M53,2)+1),"")) -> 0.48542683 | ... AC53: =IF($E53=1,(LOG(Q53,2)+1),IF($E53=0,(LOG(1-Q53,2)+1),"")) -> 0.67807191 | AE53: =ABS((LOG(F53,2)-LOG(1-F53,2))+ABS(LOG(G53,2)-LOG(1-G53,2))+ABS(LOG(H53,2)-LOG(1-H53,2))+ABS(LOG(I53,2)-LOG(1-I53,2))+ABS(LOG(J53,2)-LOG(1-J53,2))+ABS(LOG(K53,2)-LOG(1-K53,2))+ABS(LOG(L53,2)-LOG(1-L53,2))+ABS(LOG(M53,2)-LOG(1-M53,2))+ABS(LOG(N53,2)-LOG(1-N53,2))+ABS(LOG(O53,2)-LOG(1-O53,2))+ABS(LOG(P53,2)-LOG(1-P53,2))+ABS(LOG(Q53,2)-LOG(1-Q53,2))) -> 16.262682 | AF53: =AVERAGE(F53:Q53) -> 0.4375 | AG53: =VAR(F53,G53,H53,I53,J53,K53,L53,M53,N53,O53,P53,Q53) -> 0.059602273 | AT53: =IF(F53=MIN($F53:$Q53),"Yes","") | AU53: =IF(G53=MIN($F53:$Q53),"Yes","") | AV53: =IF(H53=MIN($F53:$Q53),"Yes","") | AW53: =IF(I53=MIN($F53:$Q53),"Yes","") | AX53: =IF(J53=MIN($F53:$Q53),"Yes","") | AY53: =IF(K53=MIN($F53:$Q53),"Yes","") | AZ53: =IF(L53=MIN($F53:$Q53),"Yes","") | BA53: =IF(M53=MIN($F53:$Q53),"Yes","") | ... BE53: =IF(Q53=MIN($F53:$Q53),"Yes","") | BF53: =IF(F53=MAX($F53:$Q53),"Yes","") | BG53: =IF(G53=MAX($F53:$Q53),"Yes","") | BH53: =IF(H53=MAX($F53:$Q53),"Yes","") | BI53: =IF(I53=MAX($F53:$Q53),"Yes","") | BJ53: =IF(J53=MAX($F53:$Q53),"Yes","") -> Yes | BK53: =IF(K53=MAX($F53:$Q53),"Yes","") | BL53: =IF(L53=MAX($F53:$Q53),"Yes","") | BM53: =IF(M53=MAX($F53:$Q53),"Yes","") | ... BQ53: =IF(Q53=MAX($F53:$Q53),"Yes","") | BR53: =IF((F53-G53)>=0.5,"Yes",IF((G53-F53)>=0.5,"Yes","")) | BS53: =IF((L53-M53)>=0.5,"Yes",IF((M53-L53)>=0.5,"Yes","")) | BW53: =IF(BR53="Yes",-G53,0) -> 0 | BX53: =IF(BR53="Yes",F53,0) -> 0 | BY53: =IF((BX53-BW53)>0.01,(BX53-BW53),"") | BZ53: =IF(BS53="Yes",-L53,0) -> 0 | CA53: =IF(BS53="Yes",M53,0) -> 0 | CB53: =IF((CA53-BZ53)>0.01,(CA53-BZ53),"")
A54: 53 | B54: Society | C54: The 4th most popular baby name for girls in Australia will be Isla according to the NSW Government popular baby names site | E54: 1 | F54: =Andrew!D54 -> 0.35 | G54: =Bruce!D54 -> 0.4 | H54: =Christine!D54 -> 0.5 | I54: =Eileen!D54 -> 0.1 | J54: =Iain!D54 -> 0.8 | K54: =Gael!D54 -> 0.9 | L54: =Jac!D54 -> 0.2 | M54: =James!D54 -> 0.5 | N54: =Kate!D54 -> 0.9 | O54: =Lachy!D54 -> 0.35 | P54: =Pete!D54 -> 0.1 | Q54: =Rohan!D54 -> 0.8 | R54: =IF($E54=1,(LOG(F54,2)+1),IF($E54=0,(LOG(1-F54,2)+1),"")) -> -0.51457317 | S54: =IF($E54=1,(LOG(G54,2)+1),IF($E54=0,(LOG(1-G54,2)+1),"")) -> -0.32192809 | T54: =IF($E54=1,(LOG(H54,2)+1),IF($E54=0,(LOG(1-H54,2)+1),"")) -> 0 | U54: =IF($E54=1,(LOG(I54,2)+1),IF($E54=0,(LOG(1-I54,2)+1),"")) -> -2.3219281 | V54: =IF($E54=1,(LOG(J54,2)+1),IF($E54=0,(LOG(1-J54,2)+1),"")) -> 0.67807191 | W54: =IF($E54=1,(LOG(K54,2)+1),IF($E54=0,(LOG(1-K54,2)+1),"")) -> 0.84799691 | X54: =IF($E54=1,(LOG(L54,2)+1),IF($E54=0,(LOG(1-L54,2)+1),"")) -> -1.3219281 | Y54: =IF($E54=1,(LOG(M54,2)+1),IF($E54=0,(LOG(1-M54,2)+1),"")) -> 0 | ... AC54: =IF($E54=1,(LOG(Q54,2)+1),IF($E54=0,(LOG(1-Q54,2)+1),"")) -> 0.67807191 | AE54: =ABS((LOG(F54,2)-LOG(1-F54,2))+ABS(LOG(G54,2)-LOG(1-G54,2))+ABS(LOG(H54,2)-LOG(1-H54,2))+ABS(LOG(I54,2)-LOG(1-I54,2))+ABS(LOG(J54,2)-LOG(1-J54,2))+ABS(LOG(K54,2)-LOG(1-K54,2))+ABS(LOG(L54,2)-LOG(1-L54,2))+ABS(LOG(M54,2)-LOG(1-M54,2))+ABS(LOG(N54,2)-LOG(1-N54,2))+ABS(LOG(O54,2)-LOG(1-O54,2))+ABS(LOG(P54,2)-LOG(1-P54,2))+ABS(LOG(Q54,2)-LOG(1-Q54,2))) -> 19.264663 | AF54: =AVERAGE(F54:Q54) -> 0.49166667 | AG54: =VAR(F54,G54,H54,I54,J54,K54,L54,M54,N54,O54,P54,Q54) -> 0.087651515 | AH54: =IF(F54=MIN($F54:$Q54),LOG(1-F54,2)+1,IF(F54=MAX($F54:$Q54),LOG(F54,2)+1,"")) | AI54: =IF(G54=MIN($F54:$Q54),LOG(1-G54,2)+1,IF(G54=MAX($F54:$Q54),LOG(G54,2)+1,"")) | AJ54: =IF(H54=MIN($F54:$Q54),LOG(1-H54,2)+1,IF(H54=MAX($F54:$Q54),LOG(H54,2)+1,"")) | AK54: =IF(I54=MIN($F54:$Q54),LOG(1-I54,2)+1,IF(I54=MAX($F54:$Q54),LOG(I54,2)+1,"")) -> 0.84799691 | AL54: =IF(J54=MIN($F54:$Q54),LOG(1-J54,2)+1,IF(J54=MAX($F54:$Q54),LOG(J54,2)+1,"")) | AM54: =IF(K54=MIN($F54:$Q54),LOG(1-K54,2)+1,IF(K54=MAX($F54:$Q54),LOG(K54,2)+1,"")) -> 0.84799691 | AN54: =IF(L54=MIN($F54:$Q54),LOG(1-L54,2)+1,IF(L54=MAX($F54:$Q54),LOG(L54,2)+1,"")) | AO54: =IF(M54=MIN($F54:$Q54),LOG(1-M54,2)+1,IF(M54=MAX($F54:$Q54),LOG(M54,2)+1,"")) | ... AS54: =IF(Q54=MIN($F54:$Q54),LOG(1-Q54,2)+1,IF(Q54=MAX($F54:$Q54),LOG(Q54,2)+1,"")) | AT54: =IF(F54=MIN($F54:$Q54),"Yes","") | AU54: =IF(G54=MIN($F54:$Q54),"Yes","") | AV54: =IF(H54=MIN($F54:$Q54),"Yes","") | AW54: =IF(I54=MIN($F54:$Q54),"Yes","") -> Yes | AX54: =IF(J54=MIN($F54:$Q54),"Yes","") | AY54: =IF(K54=MIN($F54:$Q54),"Yes","") | AZ54: =IF(L54=MIN($F54:$Q54),"Yes","") | BA54: =IF(M54=MIN($F54:$Q54),"Yes","") | ... BE54: =IF(Q54=MIN($F54:$Q54),"Yes","") | BF54: =IF(F54=MAX($F54:$Q54),"Yes","") | BG54: =IF(G54=MAX($F54:$Q54),"Yes","") | BH54: =IF(H54=MAX($F54:$Q54),"Yes","") | BI54: =IF(I54=MAX($F54:$Q54),"Yes","") | BJ54: =IF(J54=MAX($F54:$Q54),"Yes","") | BK54: =IF(K54=MAX($F54:$Q54),"Yes","") -> Yes | BL54: =IF(L54=MAX($F54:$Q54),"Yes","") | BM54: =IF(M54=MAX($F54:$Q54),"Yes","") | ... BQ54: =IF(Q54=MAX($F54:$Q54),"Yes","") | BR54: =IF((F54-G54)>=0.5,"Yes",IF((G54-F54)>=0.5,"Yes","")) | BS54: =IF((L54-M54)>=0.5,"Yes",IF((M54-L54)>=0.5,"Yes","")) | BW54: =IF(BR54="Yes",-G54,0) -> 0 | BX54: =IF(BR54="Yes",F54,0) -> 0 | BY54: =IF((BX54-BW54)>0.01,(BX54-BW54),"") | BZ54: =IF(BS54="Yes",-L54,0) -> 0 | CA54: =IF(BS54="Yes",M54,0) -> 0 | CB54: =IF((CA54-BZ54)>0.01,(CA54-BZ54),"")
A55: 54 | B55: Society | C55: The 4th most popular baby name for boys in Australia will be Leo according to the NSW Government popular baby names site | E55: 0 | F55: =Andrew!D55 -> 0.35 | G55: =Bruce!D55 -> 0.4 | H55: =Christine!D55 -> 0.5 | I55: =Eileen!D55 -> 0.1 | J55: =Iain!D55 -> 0.7 | K55: =Gael!D55 -> 0.9 | L55: =Jac!D55 -> 0.2 | M55: =James!D55 -> 0.5 | N55: =Kate!D55 -> 0.2 | O55: =Lachy!D55 -> 0.35 | P55: =Pete!D55 -> 0.1 | Q55: =Rohan!D55 -> 0.2 | R55: =IF($E55=1,(LOG(F55,2)+1),IF($E55=0,(LOG(1-F55,2)+1),"")) -> 0.37851162 | S55: =IF($E55=1,(LOG(G55,2)+1),IF($E55=0,(LOG(1-G55,2)+1),"")) -> 0.26303441 | T55: =IF($E55=1,(LOG(H55,2)+1),IF($E55=0,(LOG(1-H55,2)+1),"")) -> 0 | U55: =IF($E55=1,(LOG(I55,2)+1),IF($E55=0,(LOG(1-I55,2)+1),"")) -> 0.84799691 | V55: =IF($E55=1,(LOG(J55,2)+1),IF($E55=0,(LOG(1-J55,2)+1),"")) -> -0.73696559 | W55: =IF($E55=1,(LOG(K55,2)+1),IF($E55=0,(LOG(1-K55,2)+1),"")) -> -2.3219281 | X55: =IF($E55=1,(LOG(L55,2)+1),IF($E55=0,(LOG(1-L55,2)+1),"")) -> 0.67807191 | Y55: =IF($E55=1,(LOG(M55,2)+1),IF($E55=0,(LOG(1-M55,2)+1),"")) -> 0 | ... AC55: =IF($E55=1,(LOG(Q55,2)+1),IF($E55=0,(LOG(1-Q55,2)+1),"")) -> 0.67807191 | AE55: =ABS((LOG(F55,2)-LOG(1-F55,2))+ABS(LOG(G55,2)-LOG(1-G55,2))+ABS(LOG(H55,2)-LOG(1-H55,2))+ABS(LOG(I55,2)-LOG(1-I55,2))+ABS(LOG(J55,2)-LOG(1-J55,2))+ABS(LOG(K55,2)-LOG(1-K55,2))+ABS(LOG(L55,2)-LOG(1-L55,2))+ABS(LOG(M55,2)-LOG(1-M55,2))+ABS(LOG(N55,2)-LOG(1-N55,2))+ABS(LOG(O55,2)-LOG(1-O55,2))+ABS(LOG(P55,2)-LOG(1-P55,2))+ABS(LOG(Q55,2)-LOG(1-Q55,2))) -> 17.31713 | AF55: =AVERAGE(F55:Q55) -> 0.375 | AG55: =VAR(F55,G55,H55,I55,J55,K55,L55,M55,N55,O55,P55,Q55) -> 0.059772727 | AT55: =IF(F55=MIN($F55:$Q55),"Yes","") | AU55: =IF(G55=MIN($F55:$Q55),"Yes","") | AV55: =IF(H55=MIN($F55:$Q55),"Yes","") | AW55: =IF(I55=MIN($F55:$Q55),"Yes","") -> Yes | AX55: =IF(J55=MIN($F55:$Q55),"Yes","") | AY55: =IF(K55=MIN($F55:$Q55),"Yes","") | AZ55: =IF(L55=MIN($F55:$Q55),"Yes","") | BA55: =IF(M55=MIN($F55:$Q55),"Yes","") | ... BE55: =IF(Q55=MIN($F55:$Q55),"Yes","") | BF55: =IF(F55=MAX($F55:$Q55),"Yes","") | BG55: =IF(G55=MAX($F55:$Q55),"Yes","") | BH55: =IF(H55=MAX($F55:$Q55),"Yes","") | BI55: =IF(I55=MAX($F55:$Q55),"Yes","") | BJ55: =IF(J55=MAX($F55:$Q55),"Yes","") | BK55: =IF(K55=MAX($F55:$Q55),"Yes","") -> Yes | BL55: =IF(L55=MAX($F55:$Q55),"Yes","") | BM55: =IF(M55=MAX($F55:$Q55),"Yes","") | ... BQ55: =IF(Q55=MAX($F55:$Q55),"Yes","") | BR55: =IF((F55-G55)>=0.5,"Yes",IF((G55-F55)>=0.5,"Yes","")) | BS55: =IF((L55-M55)>=0.5,"Yes",IF((M55-L55)>=0.5,"Yes","")) | BW55: =IF(BR55="Yes",-G55,0) -> 0 | BX55: =IF(BR55="Yes",F55,0) -> 0 | BY55: =IF((BX55-BW55)>0.01,(BX55-BW55),"") | BZ55: =IF(BS55="Yes",-L55,0) -> 0 | CA55: =IF(BS55="Yes",M55,0) -> 0 | CB55: =IF((CA55-BZ55)>0.01,(CA55-BZ55),"")
A56: 55 | B56: Society | C56: A statue in Australia will be removed because of negative associations with its history or colonial ties | D56: 44792 | E56: 1 | F56: =Andrew!D56 -> 0.2 | G56: =Bruce!D56 -> 0.9 | H56: =Christine!D56 -> 0.8 | I56: =Eileen!D56 -> 0.2 | J56: =Iain!D56 -> 0.8 | K56: =Gael!D56 -> 0.6 | L56: =Jac!D56 -> 0.4 | M56: =James!D56 -> 0.8 | N56: =Kate!D56 -> 0.1 | O56: =Lachy!D56 -> 0.15 | P56: =Pete!D56 -> 0.7 | Q56: =Rohan!D56 -> 0.6 | R56: =IF($E56=1,(LOG(F56,2)+1),IF($E56=0,(LOG(1-F56,2)+1),"")) -> -1.3219281 | S56: =IF($E56=1,(LOG(G56,2)+1),IF($E56=0,(LOG(1-G56,2)+1),"")) -> 0.84799691 | T56: =IF($E56=1,(LOG(H56,2)+1),IF($E56=0,(LOG(1-H56,2)+1),"")) -> 0.67807191 | U56: =IF($E56=1,(LOG(I56,2)+1),IF($E56=0,(LOG(1-I56,2)+1),"")) -> -1.3219281 | V56: =IF($E56=1,(LOG(J56,2)+1),IF($E56=0,(LOG(1-J56,2)+1),"")) -> 0.67807191 | W56: =IF($E56=1,(LOG(K56,2)+1),IF($E56=0,(LOG(1-K56,2)+1),"")) -> 0.26303441 | X56: =IF($E56=1,(LOG(L56,2)+1),IF($E56=0,(LOG(1-L56,2)+1),"")) -> -0.32192809 | Y56: =IF($E56=1,(LOG(M56,2)+1),IF($E56=0,(LOG(1-M56,2)+1),"")) -> 0.67807191 | ... AC56: =IF($E56=1,(LOG(Q56,2)+1),IF($E56=0,(LOG(1-Q56,2)+1),"")) -> 0.26303441 | AE56: =ABS((LOG(F56,2)-LOG(1-F56,2))+ABS(LOG(G56,2)-LOG(1-G56,2))+ABS(LOG(H56,2)-LOG(1-H56,2))+ABS(LOG(I56,2)-LOG(1-I56,2))+ABS(LOG(J56,2)-LOG(1-J56,2))+ABS(LOG(K56,2)-LOG(1-K56,2))+ABS(LOG(L56,2)-LOG(1-L56,2))+ABS(LOG(M56,2)-LOG(1-M56,2))+ABS(LOG(N56,2)-LOG(1-N56,2))+ABS(LOG(O56,2)-LOG(1-O56,2))+ABS(LOG(P56,2)-LOG(1-P56,2))+ABS(LOG(Q56,2)-LOG(1-Q56,2))) -> 17.81963 | AF56: =AVERAGE(F56:Q56) -> 0.52083333 | AG56: =VAR(F56,G56,H56,I56,J56,K56,L56,M56,N56,O56,P56,Q56) -> 0.087026515 | AH56: =IF(F56=MIN($F56:$Q56),LOG(1-F56,2)+1,IF(F56=MAX($F56:$Q56),LOG(F56,2)+1,"")) | AI56: =IF(G56=MIN($F56:$Q56),LOG(1-G56,2)+1,IF(G56=MAX($F56:$Q56),LOG(G56,2)+1,"")) -> 0.84799691 | AJ56: =IF(H56=MIN($F56:$Q56),LOG(1-H56,2)+1,IF(H56=MAX($F56:$Q56),LOG(H56,2)+1,"")) | AK56: =IF(I56=MIN($F56:$Q56),LOG(1-I56,2)+1,IF(I56=MAX($F56:$Q56),LOG(I56,2)+1,"")) | AL56: =IF(J56=MIN($F56:$Q56),LOG(1-J56,2)+1,IF(J56=MAX($F56:$Q56),LOG(J56,2)+1,"")) | AM56: =IF(K56=MIN($F56:$Q56),LOG(1-K56,2)+1,IF(K56=MAX($F56:$Q56),LOG(K56,2)+1,"")) | AN56: =IF(L56=MIN($F56:$Q56),LOG(1-L56,2)+1,IF(L56=MAX($F56:$Q56),LOG(L56,2)+1,"")) | AO56: =IF(M56=MIN($F56:$Q56),LOG(1-M56,2)+1,IF(M56=MAX($F56:$Q56),LOG(M56,2)+1,"")) | ... AS56: =IF(Q56=MIN($F56:$Q56),LOG(1-Q56,2)+1,IF(Q56=MAX($F56:$Q56),LOG(Q56,2)+1,"")) | AT56: =IF(F56=MIN($F56:$Q56),"Yes","") | AU56: =IF(G56=MIN($F56:$Q56),"Yes","") | AV56: =IF(H56=MIN($F56:$Q56),"Yes","") | AW56: =IF(I56=MIN($F56:$Q56),"Yes","") | AX56: =IF(J56=MIN($F56:$Q56),"Yes","") | AY56: =IF(K56=MIN($F56:$Q56),"Yes","") | AZ56: =IF(L56=MIN($F56:$Q56),"Yes","") | BA56: =IF(M56=MIN($F56:$Q56),"Yes","") | ... BE56: =IF(Q56=MIN($F56:$Q56),"Yes","") | BF56: =IF(F56=MAX($F56:$Q56),"Yes","") | BG56: =IF(G56=MAX($F56:$Q56),"Yes","") -> Yes | BH56: =IF(H56=MAX($F56:$Q56),"Yes","") | BI56: =IF(I56=MAX($F56:$Q56),"Yes","") | BJ56: =IF(J56=MAX($F56:$Q56),"Yes","") | BK56: =IF(K56=MAX($F56:$Q56),"Yes","") | BL56: =IF(L56=MAX($F56:$Q56),"Yes","") | BM56: =IF(M56=MAX($F56:$Q56),"Yes","") | ... BQ56: =IF(Q56=MAX($F56:$Q56),"Yes","") | BR56: =IF((F56-G56)>=0.5,"Yes",IF((G56-F56)>=0.5,"Yes","")) -> Yes | BS56: =IF((L56-M56)>=0.5,"Yes",IF((M56-L56)>=0.5,"Yes","")) | BW56: =IF(BR56="Yes",-G56,0) -> -0.9 | BX56: =IF(BR56="Yes",F56,0) -> 0.2 | BY56: =IF((BX56-BW56)>0.01,(BX56-BW56),"") -> 1.1 | BZ56: =IF(BS56="Yes",-L56,0) -> 0 | CA56: =IF(BS56="Yes",M56,0) -> 0 | CB56: =IF((CA56-BZ56)>0.01,(CA56-BZ56),"")
A57: 56 | B57: Society | C57: Dave Chapelle’s special ‘The Closer’ will be available to watch on Netflix (Aus or US) | E57: 1 | F57: =Andrew!D57 -> 0.8 | G57: =Bruce!D57 -> 0.6 | H57: =Christine!D57 -> 0.5 | I57: =Eileen!D57 -> 0.8 | J57: =Iain!D57 -> 0.6 | K57: =Gael!D57 -> 0.5 | L57: =Jac!D57 -> 0.6 | M57: =James!D57 -> 0.5 | N57: =Kate!D57 -> 0.2 | O57: =Lachy!D57 -> 0.999 | P57: =Pete!D57 -> 0.5 | Q57: =Rohan!D57 -> 0.5 | R57: =IF($E57=1,(LOG(F57,2)+1),IF($E57=0,(LOG(1-F57,2)+1),"")) -> 0.67807191 | S57: =IF($E57=1,(LOG(G57,2)+1),IF($E57=0,(LOG(1-G57,2)+1),"")) -> 0.26303441 | T57: =IF($E57=1,(LOG(H57,2)+1),IF($E57=0,(LOG(1-H57,2)+1),"")) -> 0 | U57: =IF($E57=1,(LOG(I57,2)+1),IF($E57=0,(LOG(1-I57,2)+1),"")) -> 0.67807191 | V57: =IF($E57=1,(LOG(J57,2)+1),IF($E57=0,(LOG(1-J57,2)+1),"")) -> 0.26303441 | W57: =IF($E57=1,(LOG(K57,2)+1),IF($E57=0,(LOG(1-K57,2)+1),"")) -> 0 | X57: =IF($E57=1,(LOG(L57,2)+1),IF($E57=0,(LOG(1-L57,2)+1),"")) -> 0.26303441 | Y57: =IF($E57=1,(LOG(M57,2)+1),IF($E57=0,(LOG(1-M57,2)+1),"")) -> 0 | ... AC57: =IF($E57=1,(LOG(Q57,2)+1),IF($E57=0,(LOG(1-Q57,2)+1),"")) -> 0 | AE57: =ABS((LOG(F57,2)-LOG(1-F57,2))+ABS(LOG(G57,2)-LOG(1-G57,2))+ABS(LOG(H57,2)-LOG(1-H57,2))+ABS(LOG(I57,2)-LOG(1-I57,2))+ABS(LOG(J57,2)-LOG(1-J57,2))+ABS(LOG(K57,2)-LOG(1-K57,2))+ABS(LOG(L57,2)-LOG(1-L57,2))+ABS(LOG(M57,2)-LOG(1-M57,2))+ABS(LOG(N57,2)-LOG(1-N57,2))+ABS(LOG(O57,2)-LOG(1-O57,2))+ABS(LOG(P57,2)-LOG(1-P57,2))+ABS(LOG(Q57,2)-LOG(1-Q57,2))) -> 17.719228 | AF57: =AVERAGE(F57:Q57) -> 0.59158333 | AG57: =VAR(F57,G57,H57,I57,J57,K57,L57,M57,N57,O57,P57,Q57) -> 0.040759174 | AT57: =IF(F57=MIN($F57:$Q57),"Yes","") | AU57: =IF(G57=MIN($F57:$Q57),"Yes","") | AV57: =IF(H57=MIN($F57:$Q57),"Yes","") | AW57: =IF(I57=MIN($F57:$Q57),"Yes","") | AX57: =IF(J57=MIN($F57:$Q57),"Yes","") | AY57: =IF(K57=MIN($F57:$Q57),"Yes","") | AZ57: =IF(L57=MIN($F57:$Q57),"Yes","") | BA57: =IF(M57=MIN($F57:$Q57),"Yes","") | ... BE57: =IF(Q57=MIN($F57:$Q57),"Yes","") | BF57: =IF(F57=MAX($F57:$Q57),"Yes","") | BG57: =IF(G57=MAX($F57:$Q57),"Yes","") | BH57: =IF(H57=MAX($F57:$Q57),"Yes","") | BI57: =IF(I57=MAX($F57:$Q57),"Yes","") | BJ57: =IF(J57=MAX($F57:$Q57),"Yes","") | BK57: =IF(K57=MAX($F57:$Q57),"Yes","") | BL57: =IF(L57=MAX($F57:$Q57),"Yes","") | BM57: =IF(M57=MAX($F57:$Q57),"Yes","") | ... BQ57: =IF(Q57=MAX($F57:$Q57),"Yes","") | BR57: =IF((F57-G57)>=0.5,"Yes",IF((G57-F57)>=0.5,"Yes","")) | BS57: =IF((L57-M57)>=0.5,"Yes",IF((M57-L57)>=0.5,"Yes","")) | BW57: =IF(BR57="Yes",-G57,0) -> 0 | BX57: =IF(BR57="Yes",F57,0) -> 0 | BY57: =IF((BX57-BW57)>0.01,(BX57-BW57),"") | BZ57: =IF(BS57="Yes",-L57,0) -> 0 | CA57: =IF(BS57="Yes",M57,0) -> 0 | CB57: =IF((CA57-BZ57)>0.01,(CA57-BZ57),"")
A58: 57 | B58: Society | C58: An actor in a Disney film or TV show will have their contract ‘cancelled’ due to social pressure related to a social media post or opinion they have expressed publicly. | E58: 0 | F58: =Andrew!D58 -> 0.7 | G58: =Bruce!D58 -> 0.4 | H58: =Christine!D58 -> 0.6 | I58: =Eileen!D58 -> 0.8 | J58: =Iain!D58 -> 0.8 | K58: =Gael!D58 -> 0.7 | L58: =Jac!D58 -> 0.5 | M58: =James!D58 -> 0.6 | N58: =Kate!D58 -> 0.8 | O58: =Lachy!D58 -> 0.65 | P58: =Pete!D58 -> 0.5 | Q58: =Rohan!D58 -> 0.4 | R58: =IF($E58=1,(LOG(F58,2)+1),IF($E58=0,(LOG(1-F58,2)+1),"")) -> -0.73696559 | S58: =IF($E58=1,(LOG(G58,2)+1),IF($E58=0,(LOG(1-G58,2)+1),"")) -> 0.26303441 | T58: =IF($E58=1,(LOG(H58,2)+1),IF($E58=0,(LOG(1-H58,2)+1),"")) -> -0.32192809 | U58: =IF($E58=1,(LOG(I58,2)+1),IF($E58=0,(LOG(1-I58,2)+1),"")) -> -1.3219281 | V58: =IF($E58=1,(LOG(J58,2)+1),IF($E58=0,(LOG(1-J58,2)+1),"")) -> -1.3219281 | W58: =IF($E58=1,(LOG(K58,2)+1),IF($E58=0,(LOG(1-K58,2)+1),"")) -> -0.73696559 | X58: =IF($E58=1,(LOG(L58,2)+1),IF($E58=0,(LOG(1-L58,2)+1),"")) -> 0 | Y58: =IF($E58=1,(LOG(M58,2)+1),IF($E58=0,(LOG(1-M58,2)+1),"")) -> -0.32192809 | ... AC58: =IF($E58=1,(LOG(Q58,2)+1),IF($E58=0,(LOG(1-Q58,2)+1),"")) -> 0.26303441 | AE58: =ABS((LOG(F58,2)-LOG(1-F58,2))+ABS(LOG(G58,2)-LOG(1-G58,2))+ABS(LOG(H58,2)-LOG(1-H58,2))+ABS(LOG(I58,2)-LOG(1-I58,2))+ABS(LOG(J58,2)-LOG(1-J58,2))+ABS(LOG(K58,2)-LOG(1-K58,2))+ABS(LOG(L58,2)-LOG(1-L58,2))+ABS(LOG(M58,2)-LOG(1-M58,2))+ABS(LOG(N58,2)-LOG(1-N58,2))+ABS(LOG(O58,2)-LOG(1-O58,2))+ABS(LOG(P58,2)-LOG(1-P58,2))+ABS(LOG(Q58,2)-LOG(1-Q58,2))) -> 11.67772 | AF58: =AVERAGE(F58:Q58) -> 0.62083333 | AG58: =VAR(F58,G58,H58,I58,J58,K58,L58,M58,N58,O58,P58,Q58) -> 0.02157197 | AT58: =IF(F58=MIN($F58:$Q58),"Yes","") | AU58: =IF(G58=MIN($F58:$Q58),"Yes","") -> Yes | AV58: =IF(H58=MIN($F58:$Q58),"Yes","") | AW58: =IF(I58=MIN($F58:$Q58),"Yes","") | AX58: =IF(J58=MIN($F58:$Q58),"Yes","") | AY58: =IF(K58=MIN($F58:$Q58),"Yes","") | AZ58: =IF(L58=MIN($F58:$Q58),"Yes","") | BA58: =IF(M58=MIN($F58:$Q58),"Yes","") | ... BE58: =IF(Q58=MIN($F58:$Q58),"Yes","") -> Yes | BF58: =IF(F58=MAX($F58:$Q58),"Yes","") | BG58: =IF(G58=MAX($F58:$Q58),"Yes","") | BH58: =IF(H58=MAX($F58:$Q58),"Yes","") | BI58: =IF(I58=MAX($F58:$Q58),"Yes","") -> Yes | BJ58: =IF(J58=MAX($F58:$Q58),"Yes","") -> Yes | BK58: =IF(K58=MAX($F58:$Q58),"Yes","") | BL58: =IF(L58=MAX($F58:$Q58),"Yes","") | BM58: =IF(M58=MAX($F58:$Q58),"Yes","") | ... BQ58: =IF(Q58=MAX($F58:$Q58),"Yes","") | BR58: =IF((F58-G58)>=0.5,"Yes",IF((G58-F58)>=0.5,"Yes","")) | BS58: =IF((L58-M58)>=0.5,"Yes",IF((M58-L58)>=0.5,"Yes","")) | BW58: =IF(BR58="Yes",-G58,0) -> 0 | BX58: =IF(BR58="Yes",F58,0) -> 0 | BY58: =IF((BX58-BW58)>0.01,(BX58-BW58),"") | BZ58: =IF(BS58="Yes",-L58,0) -> 0 | CA58: =IF(BS58="Yes",M58,0) -> 0 | CB58: =IF((CA58-BZ58)>0.01,(CA58-BZ58),"")
A59: 58 | B59: Society | C59: An Australian company or department will mandate the inclusion or visibility of preferred gender pronouns, whether through an HR directory or email signatures. | E59: 1 | F59: =Andrew!D59 -> 0.65 | G59: =Bruce!D59 -> 0.95 | H59: =Christine!D59 -> 0.6 | I59: =Eileen!D59 -> 0.8 | J59: =Iain!D59 -> 0.5 | K59: =Gael!D59 -> 0.75 | L59: =Jac!D59 -> 0.5 | M59: =James!D59 -> 0.6 | N59: =Kate!D59 -> 0.8 | O59: =Lachy!D59 -> 0.35 | P59: =Pete!D59 -> 0.5 | Q59: =Rohan!D59 -> 0.4 | R59: =IF($E59=1,(LOG(F59,2)+1),IF($E59=0,(LOG(1-F59,2)+1),"")) -> 0.37851162 | S59: =IF($E59=1,(LOG(G59,2)+1),IF($E59=0,(LOG(1-G59,2)+1),"")) -> 0.92599942 | T59: =IF($E59=1,(LOG(H59,2)+1),IF($E59=0,(LOG(1-H59,2)+1),"")) -> 0.26303441 | U59: =IF($E59=1,(LOG(I59,2)+1),IF($E59=0,(LOG(1-I59,2)+1),"")) -> 0.67807191 | V59: =IF($E59=1,(LOG(J59,2)+1),IF($E59=0,(LOG(1-J59,2)+1),"")) -> 0 | W59: =IF($E59=1,(LOG(K59,2)+1),IF($E59=0,(LOG(1-K59,2)+1),"")) -> 0.5849625 | X59: =IF($E59=1,(LOG(L59,2)+1),IF($E59=0,(LOG(1-L59,2)+1),"")) -> 0 | Y59: =IF($E59=1,(LOG(M59,2)+1),IF($E59=0,(LOG(1-M59,2)+1),"")) -> 0.26303441 | ... AC59: =IF($E59=1,(LOG(Q59,2)+1),IF($E59=0,(LOG(1-Q59,2)+1),"")) -> -0.32192809 | AE59: =ABS((LOG(F59,2)-LOG(1-F59,2))+ABS(LOG(G59,2)-LOG(1-G59,2))+ABS(LOG(H59,2)-LOG(1-H59,2))+ABS(LOG(I59,2)-LOG(1-I59,2))+ABS(LOG(J59,2)-LOG(1-J59,2))+ABS(LOG(K59,2)-LOG(1-K59,2))+ABS(LOG(L59,2)-LOG(1-L59,2))+ABS(LOG(M59,2)-LOG(1-M59,2))+ABS(LOG(N59,2)-LOG(1-N59,2))+ABS(LOG(O59,2)-LOG(1-O59,2))+ABS(LOG(P59,2)-LOG(1-P59,2))+ABS(LOG(Q59,2)-LOG(1-Q59,2))) -> 13.373947 | AF59: =AVERAGE(F59:Q59) -> 0.61666667 | AG59: =VAR(F59,G59,H59,I59,J59,K59,L59,M59,N59,O59,P59,Q59) -> 0.032424242 | AT59: =IF(F59=MIN($F59:$Q59),"Yes","") | AU59: =IF(G59=MIN($F59:$Q59),"Yes","") | AV59: =IF(H59=MIN($F59:$Q59),"Yes","") | AW59: =IF(I59=MIN($F59:$Q59),"Yes","") | AX59: =IF(J59=MIN($F59:$Q59),"Yes","") | AY59: =IF(K59=MIN($F59:$Q59),"Yes","") | AZ59: =IF(L59=MIN($F59:$Q59),"Yes","") | BA59: =IF(M59=MIN($F59:$Q59),"Yes","") | ... BE59: =IF(Q59=MIN($F59:$Q59),"Yes","") | BF59: =IF(F59=MAX($F59:$Q59),"Yes","") | BG59: =IF(G59=MAX($F59:$Q59),"Yes","") -> Yes | BH59: =IF(H59=MAX($F59:$Q59),"Yes","") | BI59: =IF(I59=MAX($F59:$Q59),"Yes","") | BJ59: =IF(J59=MAX($F59:$Q59),"Yes","") | BK59: =IF(K59=MAX($F59:$Q59),"Yes","") | BL59: =IF(L59=MAX($F59:$Q59),"Yes","") | BM59: =IF(M59=MAX($F59:$Q59),"Yes","") | ... BQ59: =IF(Q59=MAX($F59:$Q59),"Yes","") | BR59: =IF((F59-G59)>=0.5,"Yes",IF((G59-F59)>=0.5,"Yes","")) | BS59: =IF((L59-M59)>=0.5,"Yes",IF((M59-L59)>=0.5,"Yes","")) | BW59: =IF(BR59="Yes",-G59,0) -> 0 | BX59: =IF(BR59="Yes",F59,0) -> 0 | BY59: =IF((BX59-BW59)>0.01,(BX59-BW59),"") | BZ59: =IF(BS59="Yes",-L59,0) -> 0 | CA59: =IF(BS59="Yes",M59,0) -> 0 | CB59: =IF((CA59-BZ59)>0.01,(CA59-BZ59),"")
A60: 59 | B60: Society | C60: More than 30% of Australians will have been born overseas (currently 29.8%) | E60: 0 | F60: =Andrew!D60 -> 0.2 | G60: =Bruce!D60 -> 0.6 | H60: =Christine!D60 -> 0.1 | I60: =Eileen!D60 -> 0.6 | J60: =Iain!D60 -> 0.9 | K60: =Gael!D60 -> 0.9 | L60: =Jac!D60 -> 0.3 | M60: =James!D60 -> 0.1 | N60: =Kate!D60 -> 0.2 | O60: =Lachy!D60 -> 0.65 | P60: =Pete!D60 -> 0.1 | Q60: =Rohan!D60 -> 0.55 | R60: =IF($E60=1,(LOG(F60,2)+1),IF($E60=0,(LOG(1-F60,2)+1),"")) -> 0.67807191 | S60: =IF($E60=1,(LOG(G60,2)+1),IF($E60=0,(LOG(1-G60,2)+1),"")) -> -0.32192809 | T60: =IF($E60=1,(LOG(H60,2)+1),IF($E60=0,(LOG(1-H60,2)+1),"")) -> 0.84799691 | U60: =IF($E60=1,(LOG(I60,2)+1),IF($E60=0,(LOG(1-I60,2)+1),"")) -> -0.32192809 | V60: =IF($E60=1,(LOG(J60,2)+1),IF($E60=0,(LOG(1-J60,2)+1),"")) -> -2.3219281 | W60: =IF($E60=1,(LOG(K60,2)+1),IF($E60=0,(LOG(1-K60,2)+1),"")) -> -2.3219281 | X60: =IF($E60=1,(LOG(L60,2)+1),IF($E60=0,(LOG(1-L60,2)+1),"")) -> 0.48542683 | Y60: =IF($E60=1,(LOG(M60,2)+1),IF($E60=0,(LOG(1-M60,2)+1),"")) -> 0.84799691 | ... AC60: =IF($E60=1,(LOG(Q60,2)+1),IF($E60=0,(LOG(1-Q60,2)+1),"")) -> -0.15200309 | AE60: =ABS((LOG(F60,2)-LOG(1-F60,2))+ABS(LOG(G60,2)-LOG(1-G60,2))+ABS(LOG(H60,2)-LOG(1-H60,2))+ABS(LOG(I60,2)-LOG(1-I60,2))+ABS(LOG(J60,2)-LOG(1-J60,2))+ABS(LOG(K60,2)-LOG(1-K60,2))+ABS(LOG(L60,2)-LOG(1-L60,2))+ABS(LOG(M60,2)-LOG(1-M60,2))+ABS(LOG(N60,2)-LOG(1-N60,2))+ABS(LOG(O60,2)-LOG(1-O60,2))+ABS(LOG(P60,2)-LOG(1-P60,2))+ABS(LOG(Q60,2)-LOG(1-Q60,2))) -> 19.424534 | AF60: =AVERAGE(F60:Q60) -> 0.43333333 | AG60: =VAR(F60,G60,H60,I60,J60,K60,L60,M60,N60,O60,P60,Q60) -> 0.091969697 | AH60: =IF(F60=MIN($F60:$Q60),LOG(1-F60,2)+1,IF(F60=MAX($F60:$Q60),LOG(F60,2)+1,"")) | AI60: =IF(G60=MIN($F60:$Q60),LOG(1-G60,2)+1,IF(G60=MAX($F60:$Q60),LOG(G60,2)+1,"")) | AJ60: =IF(H60=MIN($F60:$Q60),LOG(1-H60,2)+1,IF(H60=MAX($F60:$Q60),LOG(H60,2)+1,"")) -> 0.84799691 | AK60: =IF(I60=MIN($F60:$Q60),LOG(1-I60,2)+1,IF(I60=MAX($F60:$Q60),LOG(I60,2)+1,"")) | AL60: =IF(J60=MIN($F60:$Q60),LOG(1-J60,2)+1,IF(J60=MAX($F60:$Q60),LOG(J60,2)+1,"")) -> 0.84799691 | AM60: =IF(K60=MIN($F60:$Q60),LOG(1-K60,2)+1,IF(K60=MAX($F60:$Q60),LOG(K60,2)+1,"")) -> 0.84799691 | AN60: =IF(L60=MIN($F60:$Q60),LOG(1-L60,2)+1,IF(L60=MAX($F60:$Q60),LOG(L60,2)+1,"")) | AO60: =IF(M60=MIN($F60:$Q60),LOG(1-M60,2)+1,IF(M60=MAX($F60:$Q60),LOG(M60,2)+1,"")) -> 0.84799691 | ... AS60: =IF(Q60=MIN($F60:$Q60),LOG(1-Q60,2)+1,IF(Q60=MAX($F60:$Q60),LOG(Q60,2)+1,"")) | AT60: =IF(F60=MIN($F60:$Q60),"Yes","") | AU60: =IF(G60=MIN($F60:$Q60),"Yes","") | AV60: =IF(H60=MIN($F60:$Q60),"Yes","") -> Yes | AW60: =IF(I60=MIN($F60:$Q60),"Yes","") | AX60: =IF(J60=MIN($F60:$Q60),"Yes","") | AY60: =IF(K60=MIN($F60:$Q60),"Yes","") | AZ60: =IF(L60=MIN($F60:$Q60),"Yes","") | BA60: =IF(M60=MIN($F60:$Q60),"Yes","") -> Yes | ... BE60: =IF(Q60=MIN($F60:$Q60),"Yes","") | BF60: =IF(F60=MAX($F60:$Q60),"Yes","") | BG60: =IF(G60=MAX($F60:$Q60),"Yes","") | BH60: =IF(H60=MAX($F60:$Q60),"Yes","") | BI60: =IF(I60=MAX($F60:$Q60),"Yes","") | BJ60: =IF(J60=MAX($F60:$Q60),"Yes","") -> Yes | BK60: =IF(K60=MAX($F60:$Q60),"Yes","") -> Yes | BL60: =IF(L60=MAX($F60:$Q60),"Yes","") | BM60: =IF(M60=MAX($F60:$Q60),"Yes","") | ... BQ60: =IF(Q60=MAX($F60:$Q60),"Yes","") | BR60: =IF((F60-G60)>=0.5,"Yes",IF((G60-F60)>=0.5,"Yes","")) | BS60: =IF((L60-M60)>=0.5,"Yes",IF((M60-L60)>=0.5,"Yes","")) | BW60: =IF(BR60="Yes",-G60,0) -> 0 | BX60: =IF(BR60="Yes",F60,0) -> 0 | BY60: =IF((BX60-BW60)>0.01,(BX60-BW60),"") | BZ60: =IF(BS60="Yes",-L60,0) -> 0 | CA60: =IF(BS60="Yes",M60,0) -> 0 | CB60: =IF((CA60-BZ60)>0.01,(CA60-BZ60),"")
A61: 60 | B61: Society | C61: LGBTIQ+ will be the acronym in widespread usage throughout Australia, as determined by the definition from LGBTIQ+ Health Australia (the peak body org for health and research related to that community) | E61: 1 | F61: =Andrew!D61 -> 0.45 | G61: =Bruce!D61 -> 0.7 | H61: =Christine!D61 -> 0.5 | I61: =Eileen!D61 -> 0.7 | J61: =Iain!D61 -> 0.7 | K61: =Gael!D61 -> 0.75 | L61: =Jac!D61 -> 0.9 | M61: =James!D61 -> 0.5 | N61: =Kate!D61 -> 0.2 | O61: =Lachy!D61 -> 0.999 | P61: =Pete!D61 -> 0.5 | Q61: =Rohan!D61 -> 0.3 | R61: =IF($E61=1,(LOG(F61,2)+1),IF($E61=0,(LOG(1-F61,2)+1),"")) -> -0.15200309 | S61: =IF($E61=1,(LOG(G61,2)+1),IF($E61=0,(LOG(1-G61,2)+1),"")) -> 0.48542683 | T61: =IF($E61=1,(LOG(H61,2)+1),IF($E61=0,(LOG(1-H61,2)+1),"")) -> 0 | U61: =IF($E61=1,(LOG(I61,2)+1),IF($E61=0,(LOG(1-I61,2)+1),"")) -> 0.48542683 | V61: =IF($E61=1,(LOG(J61,2)+1),IF($E61=0,(LOG(1-J61,2)+1),"")) -> 0.48542683 | W61: =IF($E61=1,(LOG(K61,2)+1),IF($E61=0,(LOG(1-K61,2)+1),"")) -> 0.5849625 | X61: =IF($E61=1,(LOG(L61,2)+1),IF($E61=0,(LOG(1-L61,2)+1),"")) -> 0.84799691 | Y61: =IF($E61=1,(LOG(M61,2)+1),IF($E61=0,(LOG(1-M61,2)+1),"")) -> 0 | ... AC61: =IF($E61=1,(LOG(Q61,2)+1),IF($E61=0,(LOG(1-Q61,2)+1),"")) -> -0.73696559 | AE61: =ABS((LOG(F61,2)-LOG(1-F61,2))+ABS(LOG(G61,2)-LOG(1-G61,2))+ABS(LOG(H61,2)-LOG(1-H61,2))+ABS(LOG(I61,2)-LOG(1-I61,2))+ABS(LOG(J61,2)-LOG(1-J61,2))+ABS(LOG(K61,2)-LOG(1-K61,2))+ABS(LOG(L61,2)-LOG(1-L61,2))+ABS(LOG(M61,2)-LOG(1-M61,2))+ABS(LOG(N61,2)-LOG(1-N61,2))+ABS(LOG(O61,2)-LOG(1-O61,2))+ABS(LOG(P61,2)-LOG(1-P61,2))+ABS(LOG(Q61,2)-LOG(1-Q61,2))) -> 21.319291 | AF61: =AVERAGE(F61:Q61) -> 0.59991667 | AG61: =VAR(F61,G61,H61,I61,J61,K61,L61,M61,N61,O61,P61,Q61) -> 0.054927356 | AT61: =IF(F61=MIN($F61:$Q61),"Yes","") | AU61: =IF(G61=MIN($F61:$Q61),"Yes","") | AV61: =IF(H61=MIN($F61:$Q61),"Yes","") | AW61: =IF(I61=MIN($F61:$Q61),"Yes","") | AX61: =IF(J61=MIN($F61:$Q61),"Yes","") | AY61: =IF(K61=MIN($F61:$Q61),"Yes","") | AZ61: =IF(L61=MIN($F61:$Q61),"Yes","") | BA61: =IF(M61=MIN($F61:$Q61),"Yes","") | ... BE61: =IF(Q61=MIN($F61:$Q61),"Yes","") | BF61: =IF(F61=MAX($F61:$Q61),"Yes","") | BG61: =IF(G61=MAX($F61:$Q61),"Yes","") | BH61: =IF(H61=MAX($F61:$Q61),"Yes","") | BI61: =IF(I61=MAX($F61:$Q61),"Yes","") | BJ61: =IF(J61=MAX($F61:$Q61),"Yes","") | BK61: =IF(K61=MAX($F61:$Q61),"Yes","") | BL61: =IF(L61=MAX($F61:$Q61),"Yes","") | BM61: =IF(M61=MAX($F61:$Q61),"Yes","") | ... BQ61: =IF(Q61=MAX($F61:$Q61),"Yes","") | BR61: =IF((F61-G61)>=0.5,"Yes",IF((G61-F61)>=0.5,"Yes","")) | BS61: =IF((L61-M61)>=0.5,"Yes",IF((M61-L61)>=0.5,"Yes","")) | BW61: =IF(BR61="Yes",-G61,0) -> 0 | BX61: =IF(BR61="Yes",F61,0) -> 0 | BY61: =IF((BX61-BW61)>0.01,(BX61-BW61),"") | BZ61: =IF(BS61="Yes",-L61,0) -> 0 | CA61: =IF(BS61="Yes",M61,0) -> 0 | CB61: =IF((CA61-BZ61)>0.01,(CA61-BZ61),"")
A62: 61 | B62: Society | C62: The meat industry in Australia and/or the US will succeed in controlling the use of ‘meat terms’ (meat, beef etc.) for non-animal protein products | E62: 0 | F62: =Andrew!D62 -> 0.35 | G62: =Bruce!D62 -> 0.6 | H62: =Christine!D62 -> 0.2 | I62: =Eileen!D62 -> 0.6 | J62: =Iain!D62 -> 0.8 | K62: =Gael!D62 -> 0.74 | L62: =Jac!D62 -> 0.1 | M62: =James!D62 -> 0.2 | N62: =Kate!D62 -> 0.1 | O62: =Lachy!D62 -> 0.999 | P62: =Pete!D62 -> 0.8 | Q62: =Rohan!D62 -> 0.5 | R62: =IF($E62=1,(LOG(F62,2)+1),IF($E62=0,(LOG(1-F62,2)+1),"")) -> 0.37851162 | S62: =IF($E62=1,(LOG(G62,2)+1),IF($E62=0,(LOG(1-G62,2)+1),"")) -> -0.32192809 | T62: =IF($E62=1,(LOG(H62,2)+1),IF($E62=0,(LOG(1-H62,2)+1),"")) -> 0.67807191 | U62: =IF($E62=1,(LOG(I62,2)+1),IF($E62=0,(LOG(1-I62,2)+1),"")) -> -0.32192809 | V62: =IF($E62=1,(LOG(J62,2)+1),IF($E62=0,(LOG(1-J62,2)+1),"")) -> -1.3219281 | W62: =IF($E62=1,(LOG(K62,2)+1),IF($E62=0,(LOG(1-K62,2)+1),"")) -> -0.94341647 | X62: =IF($E62=1,(LOG(L62,2)+1),IF($E62=0,(LOG(1-L62,2)+1),"")) -> 0.84799691 | Y62: =IF($E62=1,(LOG(M62,2)+1),IF($E62=0,(LOG(1-M62,2)+1),"")) -> 0.67807191 | ... AC62: =IF($E62=1,(LOG(Q62,2)+1),IF($E62=0,(LOG(1-Q62,2)+1),"")) -> 0 | AE62: =ABS((LOG(F62,2)-LOG(1-F62,2))+ABS(LOG(G62,2)-LOG(1-G62,2))+ABS(LOG(H62,2)-LOG(1-H62,2))+ABS(LOG(I62,2)-LOG(1-I62,2))+ABS(LOG(J62,2)-LOG(1-J62,2))+ABS(LOG(K62,2)-LOG(1-K62,2))+ABS(LOG(L62,2)-LOG(1-L62,2))+ABS(LOG(M62,2)-LOG(1-M62,2))+ABS(LOG(N62,2)-LOG(1-N62,2))+ABS(LOG(O62,2)-LOG(1-O62,2))+ABS(LOG(P62,2)-LOG(1-P62,2))+ABS(LOG(Q62,2)-LOG(1-Q62,2))) -> 26.090045 | AF62: =AVERAGE(F62:Q62) -> 0.49908333 | AG62: =VAR(F62,G62,H62,I62,J62,K62,L62,M62,N62,O62,P62,Q62) -> 0.09355372 | AH62: =IF(F62=MIN($F62:$Q62),LOG(1-F62,2)+1,IF(F62=MAX($F62:$Q62),LOG(F62,2)+1,"")) | AI62: =IF(G62=MIN($F62:$Q62),LOG(1-G62,2)+1,IF(G62=MAX($F62:$Q62),LOG(G62,2)+1,"")) | AJ62: =IF(H62=MIN($F62:$Q62),LOG(1-H62,2)+1,IF(H62=MAX($F62:$Q62),LOG(H62,2)+1,"")) | AK62: =IF(I62=MIN($F62:$Q62),LOG(1-I62,2)+1,IF(I62=MAX($F62:$Q62),LOG(I62,2)+1,"")) | AL62: =IF(J62=MIN($F62:$Q62),LOG(1-J62,2)+1,IF(J62=MAX($F62:$Q62),LOG(J62,2)+1,"")) | AM62: =IF(K62=MIN($F62:$Q62),LOG(1-K62,2)+1,IF(K62=MAX($F62:$Q62),LOG(K62,2)+1,"")) | AN62: =IF(L62=MIN($F62:$Q62),LOG(1-L62,2)+1,IF(L62=MAX($F62:$Q62),LOG(L62,2)+1,"")) -> 0.84799691 | AO62: =IF(M62=MIN($F62:$Q62),LOG(1-M62,2)+1,IF(M62=MAX($F62:$Q62),LOG(M62,2)+1,"")) | ... AS62: =IF(Q62=MIN($F62:$Q62),LOG(1-Q62,2)+1,IF(Q62=MAX($F62:$Q62),LOG(Q62,2)+1,"")) | AT62: =IF(F62=MIN($F62:$Q62),"Yes","") | AU62: =IF(G62=MIN($F62:$Q62),"Yes","") | AV62: =IF(H62=MIN($F62:$Q62),"Yes","") | AW62: =IF(I62=MIN($F62:$Q62),"Yes","") | AX62: =IF(J62=MIN($F62:$Q62),"Yes","") | AY62: =IF(K62=MIN($F62:$Q62),"Yes","") | AZ62: =IF(L62=MIN($F62:$Q62),"Yes","") -> Yes | BA62: =IF(M62=MIN($F62:$Q62),"Yes","") | ... BE62: =IF(Q62=MIN($F62:$Q62),"Yes","") | BF62: =IF(F62=MAX($F62:$Q62),"Yes","") | BG62: =IF(G62=MAX($F62:$Q62),"Yes","") | BH62: =IF(H62=MAX($F62:$Q62),"Yes","") | BI62: =IF(I62=MAX($F62:$Q62),"Yes","") | BJ62: =IF(J62=MAX($F62:$Q62),"Yes","") | BK62: =IF(K62=MAX($F62:$Q62),"Yes","") | BL62: =IF(L62=MAX($F62:$Q62),"Yes","") | BM62: =IF(M62=MAX($F62:$Q62),"Yes","") | ... BQ62: =IF(Q62=MAX($F62:$Q62),"Yes","") | BR62: =IF((F62-G62)>=0.5,"Yes",IF((G62-F62)>=0.5,"Yes","")) | BS62: =IF((L62-M62)>=0.5,"Yes",IF((M62-L62)>=0.5,"Yes","")) | BW62: =IF(BR62="Yes",-G62,0) -> 0 | BX62: =IF(BR62="Yes",F62,0) -> 0 | BY62: =IF((BX62-BW62)>0.01,(BX62-BW62),"") | BZ62: =IF(BS62="Yes",-L62,0) -> 0 | CA62: =IF(BS62="Yes",M62,0) -> 0 | CB62: =IF((CA62-BZ62)>0.01,(CA62-BZ62),"") | CC62: No
A63: 62 | B63: Society | C63: The median house price in Canberra will be over $1,200,000 (currently $1,015,833) | E63: 0 | F63: =Andrew!D63 -> 0.7 | G63: =Bruce!D63 -> 0.2 | H63: =Christine!D63 -> 0.2 | I63: =Eileen!D63 -> 0.8 | J63: =Iain!D63 -> 0.8 | K63: =Gael!D63 -> 0.8 | L63: =Jac!D63 -> 0.99999 | M63: =James!D63 -> 0.2 | N63: =Kate!D63 -> 0.9 | O63: =Lachy!D63 -> 0.15 | P63: =Pete!D63 -> 0.6 | Q63: =Rohan!D63 -> 0.45 | R63: =IF($E63=1,(LOG(F63,2)+1),IF($E63=0,(LOG(1-F63,2)+1),"")) -> -0.73696559 | S63: =IF($E63=1,(LOG(G63,2)+1),IF($E63=0,(LOG(1-G63,2)+1),"")) -> 0.67807191 | T63: =IF($E63=1,(LOG(H63,2)+1),IF($E63=0,(LOG(1-H63,2)+1),"")) -> 0.67807191 | U63: =IF($E63=1,(LOG(I63,2)+1),IF($E63=0,(LOG(1-I63,2)+1),"")) -> -1.3219281 | V63: =IF($E63=1,(LOG(J63,2)+1),IF($E63=0,(LOG(1-J63,2)+1),"")) -> -1.3219281 | W63: =IF($E63=1,(LOG(K63,2)+1),IF($E63=0,(LOG(1-K63,2)+1),"")) -> -1.3219281 | X63: =IF($E63=1,(LOG(L63,2)+1),IF($E63=0,(LOG(1-L63,2)+1),"")) -> -15.60964 | Y63: =IF($E63=1,(LOG(M63,2)+1),IF($E63=0,(LOG(1-M63,2)+1),"")) -> 0.67807191 | ... AC63: =IF($E63=1,(LOG(Q63,2)+1),IF($E63=0,(LOG(1-Q63,2)+1),"")) -> 0.13750352 | AE63: =ABS((LOG(F63,2)-LOG(1-F63,2))+ABS(LOG(G63,2)-LOG(1-G63,2))+ABS(LOG(H63,2)-LOG(1-H63,2))+ABS(LOG(I63,2)-LOG(1-I63,2))+ABS(LOG(J63,2)-LOG(1-J63,2))+ABS(LOG(K63,2)-LOG(1-K63,2))+ABS(LOG(L63,2)-LOG(1-L63,2))+ABS(LOG(M63,2)-LOG(1-M63,2))+ABS(LOG(N63,2)-LOG(1-N63,2))+ABS(LOG(O63,2)-LOG(1-O63,2))+ABS(LOG(P63,2)-LOG(1-P63,2))+ABS(LOG(Q63,2)-LOG(1-Q63,2))) -> 36.378913 | AF63: =AVERAGE(F63:Q63) -> 0.56666583 | AG63: =VAR(F63,G63,H63,I63,J63,K63,L63,M63,N63,O63,P63,Q63) -> 0.097423455 | AH63: =IF(F63=MIN($F63:$Q63),LOG(1-F63,2)+1,IF(F63=MAX($F63:$Q63),LOG(F63,2)+1,"")) | AI63: =IF(G63=MIN($F63:$Q63),LOG(1-G63,2)+1,IF(G63=MAX($F63:$Q63),LOG(G63,2)+1,"")) | AJ63: =IF(H63=MIN($F63:$Q63),LOG(1-H63,2)+1,IF(H63=MAX($F63:$Q63),LOG(H63,2)+1,"")) | AK63: =IF(I63=MIN($F63:$Q63),LOG(1-I63,2)+1,IF(I63=MAX($F63:$Q63),LOG(I63,2)+1,"")) | AL63: =IF(J63=MIN($F63:$Q63),LOG(1-J63,2)+1,IF(J63=MAX($F63:$Q63),LOG(J63,2)+1,"")) | AM63: =IF(K63=MIN($F63:$Q63),LOG(1-K63,2)+1,IF(K63=MAX($F63:$Q63),LOG(K63,2)+1,"")) | AN63: =IF(L63=MIN($F63:$Q63),LOG(1-L63,2)+1,IF(L63=MAX($F63:$Q63),LOG(L63,2)+1,"")) -> 0.99998557 | AO63: =IF(M63=MIN($F63:$Q63),LOG(1-M63,2)+1,IF(M63=MAX($F63:$Q63),LOG(M63,2)+1,"")) | ... AS63: =IF(Q63=MIN($F63:$Q63),LOG(1-Q63,2)+1,IF(Q63=MAX($F63:$Q63),LOG(Q63,2)+1,"")) | AT63: =IF(F63=MIN($F63:$Q63),"Yes","") | AU63: =IF(G63=MIN($F63:$Q63),"Yes","") | AV63: =IF(H63=MIN($F63:$Q63),"Yes","") | AW63: =IF(I63=MIN($F63:$Q63),"Yes","") | AX63: =IF(J63=MIN($F63:$Q63),"Yes","") | AY63: =IF(K63=MIN($F63:$Q63),"Yes","") | AZ63: =IF(L63=MIN($F63:$Q63),"Yes","") | BA63: =IF(M63=MIN($F63:$Q63),"Yes","") | ... BE63: =IF(Q63=MIN($F63:$Q63),"Yes","") | BF63: =IF(F63=MAX($F63:$Q63),"Yes","") | BG63: =IF(G63=MAX($F63:$Q63),"Yes","") | BH63: =IF(H63=MAX($F63:$Q63),"Yes","") | BI63: =IF(I63=MAX($F63:$Q63),"Yes","") | BJ63: =IF(J63=MAX($F63:$Q63),"Yes","") | BK63: =IF(K63=MAX($F63:$Q63),"Yes","") | BL63: =IF(L63=MAX($F63:$Q63),"Yes","") -> Yes | BM63: =IF(M63=MAX($F63:$Q63),"Yes","") | ... BQ63: =IF(Q63=MAX($F63:$Q63),"Yes","") | BR63: =IF((F63-G63)>=0.5,"Yes",IF((G63-F63)>=0.5,"Yes","")) -> Yes | BS63: =IF((L63-M63)>=0.5,"Yes",IF((M63-L63)>=0.5,"Yes","")) -> Yes | BW63: =IF(BR63="Yes",-G63,0) -> -0.2 | BX63: =IF(BR63="Yes",F63,0) -> 0.7 | BY63: =IF((BX63-BW63)>0.01,(BX63-BW63),"") -> 0.9 | BZ63: =IF(BS63="Yes",-L63,0) -> -0.99999 | CA63: =IF(BS63="Yes",M63,0) -> 0.2 | CB63: =IF((CA63-BZ63)>0.01,(CA63-BZ63),"") -> 1.19999
A64: 63 | B64: Society | C64: An artist or band on the Rock and Roll Hall of Fame has a performance using digital avatar (source https://en.wikipedia.org/wiki/List_of_Rock_and_Roll_Hall_of_Fame_inductees) | E64: 0 | F64: =Andrew!D64 -> 0.4 | G64: =Bruce!D64 -> 0.6 | H64: =Christine!D64 -> 0.7 | I64: =Eileen!D64 -> 0.3 | J64: =Iain!D64 -> 0.5 | K64: =Gael!D64 -> 0.6 | L64: =Jac!D64 -> 0.6 | M64: =James!D64 -> 0.7 | N64: =Kate!D64 -> 0.2 | O64: =Lachy!D64 -> 0.15 | P64: =Pete!D64 -> 0.1 | Q64: =Rohan!D64 -> 0.5 | R64: =IF($E64=1,(LOG(F64,2)+1),IF($E64=0,(LOG(1-F64,2)+1),"")) -> 0.26303441 | S64: =IF($E64=1,(LOG(G64,2)+1),IF($E64=0,(LOG(1-G64,2)+1),"")) -> -0.32192809 | T64: =IF($E64=1,(LOG(H64,2)+1),IF($E64=0,(LOG(1-H64,2)+1),"")) -> -0.73696559 | U64: =IF($E64=1,(LOG(I64,2)+1),IF($E64=0,(LOG(1-I64,2)+1),"")) -> 0.48542683 | V64: =IF($E64=1,(LOG(J64,2)+1),IF($E64=0,(LOG(1-J64,2)+1),"")) -> 0 | W64: =IF($E64=1,(LOG(K64,2)+1),IF($E64=0,(LOG(1-K64,2)+1),"")) -> -0.32192809 | X64: =IF($E64=1,(LOG(L64,2)+1),IF($E64=0,(LOG(1-L64,2)+1),"")) -> -0.32192809 | Y64: =IF($E64=1,(LOG(M64,2)+1),IF($E64=0,(LOG(1-M64,2)+1),"")) -> -0.73696559 | ... AC64: =IF($E64=1,(LOG(Q64,2)+1),IF($E64=0,(LOG(1-Q64,2)+1),"")) -> 0 | AE64: =ABS((LOG(F64,2)-LOG(1-F64,2))+ABS(LOG(G64,2)-LOG(1-G64,2))+ABS(LOG(H64,2)-LOG(1-H64,2))+ABS(LOG(I64,2)-LOG(1-I64,2))+ABS(LOG(J64,2)-LOG(1-J64,2))+ABS(LOG(K64,2)-LOG(1-K64,2))+ABS(LOG(L64,2)-LOG(1-L64,2))+ABS(LOG(M64,2)-LOG(1-M64,2))+ABS(LOG(N64,2)-LOG(1-N64,2))+ABS(LOG(O64,2)-LOG(1-O64,2))+ABS(LOG(P64,2)-LOG(1-P64,2))+ABS(LOG(Q64,2)-LOG(1-Q64,2))) -> 12.509528 | AF64: =AVERAGE(F64:Q64) -> 0.44583333 | AG64: =VAR(F64,G64,H64,I64,J64,K64,L64,M64,N64,O64,P64,Q64) -> 0.045208333 | AT64: =IF(F64=MIN($F64:$Q64),"Yes","") | AU64: =IF(G64=MIN($F64:$Q64),"Yes","") | AV64: =IF(H64=MIN($F64:$Q64),"Yes","") | AW64: =IF(I64=MIN($F64:$Q64),"Yes","") | AX64: =IF(J64=MIN($F64:$Q64),"Yes","") | AY64: =IF(K64=MIN($F64:$Q64),"Yes","") | AZ64: =IF(L64=MIN($F64:$Q64),"Yes","") | BA64: =IF(M64=MIN($F64:$Q64),"Yes","") | ... BE64: =IF(Q64=MIN($F64:$Q64),"Yes","") | BF64: =IF(F64=MAX($F64:$Q64),"Yes","") | BG64: =IF(G64=MAX($F64:$Q64),"Yes","") | BH64: =IF(H64=MAX($F64:$Q64),"Yes","") -> Yes | BI64: =IF(I64=MAX($F64:$Q64),"Yes","") | BJ64: =IF(J64=MAX($F64:$Q64),"Yes","") | BK64: =IF(K64=MAX($F64:$Q64),"Yes","") | BL64: =IF(L64=MAX($F64:$Q64),"Yes","") | BM64: =IF(M64=MAX($F64:$Q64),"Yes","") -> Yes | ... BQ64: =IF(Q64=MAX($F64:$Q64),"Yes","") | BR64: =IF((F64-G64)>=0.5,"Yes",IF((G64-F64)>=0.5,"Yes","")) | BS64: =IF((L64-M64)>=0.5,"Yes",IF((M64-L64)>=0.5,"Yes","")) | BW64: =IF(BR64="Yes",-G64,0) -> 0 | BX64: =IF(BR64="Yes",F64,0) -> 0 | BY64: =IF((BX64-BW64)>0.01,(BX64-BW64),"") | BZ64: =IF(BS64="Yes",-L64,0) -> 0 | CA64: =IF(BS64="Yes",M64,0) -> 0 | CB64: =IF((CA64-BZ64)>0.01,(CA64-BZ64),"")
A65: 64 | B65: Sport | C65: No Australian tennis player will win a senior Championship event at the Australian Open in 2022 | E65: - | F65: =Andrew!D65 -> 0 | G65: =Bruce!D65 -> 0 | H65: =Christine!D65 -> 0 | I65: =Eileen!D65 -> 0 | J65: =Iain!D65 -> 0.6 | K65: =Gael!D65 -> 0 | L65: =Jac!D65 -> 0 | M65: =James!D65 -> 0 | N65: =Kate!D65 -> 0.1 | O65: =Lachy!D65 -> 0 | P65: =Pete!D65 -> 0.5 | Q65: =Rohan!D65 -> 0.2 | R65: =IF($E65=1,(LOG(F65,2)+1),IF($E65=0,(LOG(1-F65,2)+1),"")) | S65: =IF($E65=1,(LOG(G65,2)+1),IF($E65=0,(LOG(1-G65,2)+1),"")) | T65: =IF($E65=1,(LOG(H65,2)+1),IF($E65=0,(LOG(1-H65,2)+1),"")) | U65: =IF($E65=1,(LOG(I65,2)+1),IF($E65=0,(LOG(1-I65,2)+1),"")) | V65: =IF($E65=1,(LOG(J65,2)+1),IF($E65=0,(LOG(1-J65,2)+1),"")) | W65: =IF($E65=1,(LOG(K65,2)+1),IF($E65=0,(LOG(1-K65,2)+1),"")) | X65: =IF($E65=1,(LOG(L65,2)+1),IF($E65=0,(LOG(1-L65,2)+1),"")) | Y65: =IF($E65=1,(LOG(M65,2)+1),IF($E65=0,(LOG(1-M65,2)+1),"")) | ... AC65: =IF($E65=1,(LOG(Q65,2)+1),IF($E65=0,(LOG(1-Q65,2)+1),"")) | AE65: =ABS((LOG(F65,2)-LOG(1-F65,2))+ABS(LOG(G65,2)-LOG(1-G65,2))+ABS(LOG(H65,2)-LOG(1-H65,2))+ABS(LOG(I65,2)-LOG(1-I65,2))+ABS(LOG(J65,2)-LOG(1-J65,2))+ABS(LOG(K65,2)-LOG(1-K65,2))+ABS(LOG(L65,2)-LOG(1-L65,2))+ABS(LOG(M65,2)-LOG(1-M65,2))+ABS(LOG(N65,2)-LOG(1-N65,2))+ABS(LOG(O65,2)-LOG(1-O65,2))+ABS(LOG(P65,2)-LOG(1-P65,2))+ABS(LOG(Q65,2)-LOG(1-Q65,2))) -> #NUM! | AF65: =AVERAGE(F65:Q65) -> 0.11666667 | AG65: =VAR(F65,G65,H65,I65,J65,K65,L65,M65,N65,O65,P65,Q65) -> 0.045151515 | AT65: =IF(F65=MIN($F65:$Q65),"Yes","") -> Yes | AU65: =IF(G65=MIN($F65:$Q65),"Yes","") -> Yes | AV65: =IF(H65=MIN($F65:$Q65),"Yes","") -> Yes | AW65: =IF(I65=MIN($F65:$Q65),"Yes","") -> Yes | AX65: =IF(J65=MIN($F65:$Q65),"Yes","") | AY65: =IF(K65=MIN($F65:$Q65),"Yes","") -> Yes | AZ65: =IF(L65=MIN($F65:$Q65),"Yes","") -> Yes | BA65: =IF(M65=MIN($F65:$Q65),"Yes","") -> Yes | ... BE65: =IF(Q65=MIN($F65:$Q65),"Yes","") | BF65: =IF(F65=MAX($F65:$Q65),"Yes","") | BG65: =IF(G65=MAX($F65:$Q65),"Yes","") | BH65: =IF(H65=MAX($F65:$Q65),"Yes","") | BI65: =IF(I65=MAX($F65:$Q65),"Yes","") | BJ65: =IF(J65=MAX($F65:$Q65),"Yes","") -> Yes | BK65: =IF(K65=MAX($F65:$Q65),"Yes","") | BL65: =IF(L65=MAX($F65:$Q65),"Yes","") | BM65: =IF(M65=MAX($F65:$Q65),"Yes","") | ... BQ65: =IF(Q65=MAX($F65:$Q65),"Yes","") | BR65: =IF((F65-G65)>=0.5,"Yes",IF((G65-F65)>=0.5,"Yes","")) | BS65: =IF((L65-M65)>=0.5,"Yes",IF((M65-L65)>=0.5,"Yes","")) | BW65: =IF(BR65="Yes",-G65,0) -> 0 | BX65: =IF(BR65="Yes",F65,0) -> 0 | BY65: =IF((BX65-BW65)>0.01,(BX65-BW65),"") | BZ65: =IF(BS65="Yes",-L65,0) -> 0 | CA65: =IF(BS65="Yes",M65,0) -> 0 | CB65: =IF((CA65-BZ65)>0.01,(CA65-BZ65),"")
A66: 65 | B66: Sport | C66: Daniel Ricciardo will win the Australian GP in 2022 | E66: 0 | F66: =Andrew!D66 -> 0.5 | G66: =Bruce!D66 -> 0.1 | H66: =Christine!D66 -> 0.5 | I66: =Eileen!D66 -> 0.5 | J66: =Iain!D66 -> 0.3 | K66: =Gael!D66 -> 0.6 | L66: =Jac!D66 -> 0.2 | M66: =James!D66 -> 0.5 | N66: =Kate!D66 -> 0.1 | O66: =Lachy!D66 -> 0.5 | P66: =Pete!D66 -> 0.1 | Q66: =Rohan!D66 -> 0.1 | R66: =IF($E66=1,(LOG(F66,2)+1),IF($E66=0,(LOG(1-F66,2)+1),"")) -> 0 | S66: =IF($E66=1,(LOG(G66,2)+1),IF($E66=0,(LOG(1-G66,2)+1),"")) -> 0.84799691 | T66: =IF($E66=1,(LOG(H66,2)+1),IF($E66=0,(LOG(1-H66,2)+1),"")) -> 0 | U66: =IF($E66=1,(LOG(I66,2)+1),IF($E66=0,(LOG(1-I66,2)+1),"")) -> 0 | V66: =IF($E66=1,(LOG(J66,2)+1),IF($E66=0,(LOG(1-J66,2)+1),"")) -> 0.48542683 | W66: =IF($E66=1,(LOG(K66,2)+1),IF($E66=0,(LOG(1-K66,2)+1),"")) -> -0.32192809 | X66: =IF($E66=1,(LOG(L66,2)+1),IF($E66=0,(LOG(1-L66,2)+1),"")) -> 0.67807191 | Y66: =IF($E66=1,(LOG(M66,2)+1),IF($E66=0,(LOG(1-M66,2)+1),"")) -> 0 | ... AC66: =IF($E66=1,(LOG(Q66,2)+1),IF($E66=0,(LOG(1-Q66,2)+1),"")) -> 0.84799691 | AE66: =ABS((LOG(F66,2)-LOG(1-F66,2))+ABS(LOG(G66,2)-LOG(1-G66,2))+ABS(LOG(H66,2)-LOG(1-H66,2))+ABS(LOG(I66,2)-LOG(1-I66,2))+ABS(LOG(J66,2)-LOG(1-J66,2))+ABS(LOG(K66,2)-LOG(1-K66,2))+ABS(LOG(L66,2)-LOG(1-L66,2))+ABS(LOG(M66,2)-LOG(1-M66,2))+ABS(LOG(N66,2)-LOG(1-N66,2))+ABS(LOG(O66,2)-LOG(1-O66,2))+ABS(LOG(P66,2)-LOG(1-P66,2))+ABS(LOG(Q66,2)-LOG(1-Q66,2))) -> 16.487055 | AF66: =AVERAGE(F66:Q66) -> 0.33333333 | AG66: =VAR(F66,G66,H66,I66,J66,K66,L66,M66,N66,O66,P66,Q66) -> 0.040606061 | AT66: =IF(F66=MIN($F66:$Q66),"Yes","") | AU66: =IF(G66=MIN($F66:$Q66),"Yes","") -> Yes | AV66: =IF(H66=MIN($F66:$Q66),"Yes","") | AW66: =IF(I66=MIN($F66:$Q66),"Yes","") | AX66: =IF(J66=MIN($F66:$Q66),"Yes","") | AY66: =IF(K66=MIN($F66:$Q66),"Yes","") | AZ66: =IF(L66=MIN($F66:$Q66),"Yes","") | BA66: =IF(M66=MIN($F66:$Q66),"Yes","") | ... BE66: =IF(Q66=MIN($F66:$Q66),"Yes","") -> Yes | BF66: =IF(F66=MAX($F66:$Q66),"Yes","") | BG66: =IF(G66=MAX($F66:$Q66),"Yes","") | BH66: =IF(H66=MAX($F66:$Q66),"Yes","") | BI66: =IF(I66=MAX($F66:$Q66),"Yes","") | BJ66: =IF(J66=MAX($F66:$Q66),"Yes","") | BK66: =IF(K66=MAX($F66:$Q66),"Yes","") -> Yes | BL66: =IF(L66=MAX($F66:$Q66),"Yes","") | BM66: =IF(M66=MAX($F66:$Q66),"Yes","") | ... BQ66: =IF(Q66=MAX($F66:$Q66),"Yes","") | BR66: =IF((F66-G66)>=0.5,"Yes",IF((G66-F66)>=0.5,"Yes","")) | BS66: =IF((L66-M66)>=0.5,"Yes",IF((M66-L66)>=0.5,"Yes","")) | BW66: =IF(BR66="Yes",-G66,0) -> 0 | BX66: =IF(BR66="Yes",F66,0) -> 0 | BY66: =IF((BX66-BW66)>0.01,(BX66-BW66),"") | BZ66: =IF(BS66="Yes",-L66,0) -> 0 | CA66: =IF(BS66="Yes",M66,0) -> 0 | CB66: =IF((CA66-BZ66)>0.01,(CA66-BZ66),"")
